S00E0000626C696E6B792E737265638D
S3151C0008006F4010106F40D00F6F40900F6F40500F0D
S3151C0008106F40100F6F40D00E6F40900E6F40500E01
S3151C0008206F40100E6F40D00D6F40900D6F40500DF5
S3151C0008306F40100D6F40D00C6F40900C6F40500CE9
S3151C0008406F40100C6F40D00B6F40900B6F40500BDD
S3151C0008506F40100B6F40D00A6F40900A6F40500AD1
S3151C0008606F40100A6F40D0096F4090096F405009C5
S3151C0008706F4010096F40D0086F4090086F405008B9
S3151C0009004111714522C406C6EF4080012A8411C5D7
S3151C000910232005001105EF8040112285B240224498
S3151C00092041018280011106CE22CC26CA4AC84EC677
S3151C00093052C456C25AC00DE1B706051C3706051C23
S3151C0009409386460613060601930500143715051CE7
S3151C00095013050541EF407060B70900FFB3F9350177
S3151C0009602E84638D0900B706051C3706051C938665
S3151C00097006071306060193051014C9BF81EDB706B9
S3151C000980051C3706051C9386860913060601930566
S3151C00099020146DBF2A89B28A368B3A8AEF20805F73
S3151C0009A011ED630D0A00B706051C3706051C938658
S3151C0009B0060B130606019305501449BFEF10B073BE
S3151C0009C083240900B377940063170B029DE78149C2
S3151C0009D0630C0A02B3355001E20563050B00B70729
S3151C0009E00004DD8D5286C18D13054900EF20602E53
S3151C0009F0D289814411A8E31CF4FC63870A0093473F
S3151C000A00F4FFE58F2320F900EF20B070638B0902F9
S3151C000A1019E1EF80004BEF20805493176500AA84E0
S3151C000A2063CD0700EF80600A83240900B377940026
S3151C000A3063140B0285E7EF80E00B370500017D157B
S3151C000A40E98CF240624426854249D244B249224A84
S3151C000A50924A024B05618280E31FF4FCE38D0AFC7B
S3151C000A601344F4FF658C23208900F1B7011106CECF
S3151C000A7022CC0DE1B706051C3706051C93864606D7
S3151C000A80130646029305401D3715051C1305054123
S3151C000A90EF40B04CB70700FFED8F81CFB706051CA2
S3151C000AA03706051C93864610130646029305501DF1
S3151C000AB0E1BF2A842EC6EF804001B245084093C58B
S3151C000AC0F5FFE98D0CC02AC6EF80C002F2406244D5
S3151C000AD032450561828059BF2E86AA853715001CB2
S3151C000AE08146130565AD6F30B017797106D622D4D1
S3151C000AF026D24AD04ECE52CC56CA0DE1B706051C9C
S3151C000B003706051C938646061306C6039305202145
S3151C000B103715051C13050541EF403044B70700FF88
S3151C000B20ED8F81CFB706051C3706051C9386C612AA
S3151C000B301306C60393053021E1BF2A849309C50019
S3151C000B402EC6EF10505B1C40B24508483709000101
S3151C000B50DD8D0CC081447D19370A00020C406312DE
S3151C000B60350393C4F4FFED8C04C0EF20905A084063
S3151C000B70B250225492540259F249624AD24A4561F1
S3151C000B8082801841832A4500B37727011316570024
S3151C000B90B3F6B7006345060089E65685C1B7E39EE2
S3151C000BA0D7FE9316770063D30600DD8CB3E54501AB
S3151C000BB0EF20E027DDB715BFB2862E86AA8537152E
S3151C000BC0001C130565BB6F30B0090111B70700FF88
S3151C000BD006CE22CC26CA4AC84EC652C4F18F8DC335
S3151C000BE0B706051C3706051C938606071306060062
S3151C000BF09305600C3715051C13050541EF40F035B0
S3151C000C00B28401EEB706051C3706051C93868609B9
S3151C000C10130606009305700CF1BF2A892E8AB68925
S3151C000C20EF20403711ED638D0900B706051C37060A
S3151C000C30051C9386060B130606009305A00C5DBFC8
S3151C000C40EF10704B03240900D2854A85793D336425
S3151C000C504401B3779400639497060327090093C74E
S3151C000C60F4FF8149F98F2320F900EF20904A638F06
S3151C000C70090219E1EF80E024EF20602E931765002E
S3151C000C802A8463C10702EF70506403240900B3F77A
S3151C000C9084006397970093C4F4FFE18C232099008A
S3151C000CA0EF705065370500017D15698C2285F24071
S3151C000CB06244D2444249B249224A05618280638C0D
S3151C000CC00900B70500054E86C58D13054900EF20A2
S3151C000CD04000014459BF0324090041BF08418280DA
S3151C000CE0411122C42A8426C206C69304C400EF10EE
S3151C000CF090405C4091EB2285EF3010492244B24073
S3151C000D00924441016F20F040084863129502B706D1
S3151C000D10051C3706051C3715051C93860615130678
S3151C000D2006059305202713050541EF401023B7053B
S3151C000D300002EF20C00F75BF19C1084D8280014506
S3151C000D4082800CCD8280411122C42A8426C24AC0CC
S3151C000D5006C6EF7090578344540413094402E204F8
S3151C000D60E184634B9002FD57A302F404EF70905884
S3151C000D70EF70B0558344440413090401E204E18472
S3151C000D8063489002FD572302F4042244B240924465
S3151C000D90024941016F7010565C50F1D74A85EF101D
S3151C000DA0307F19C1EF20001EFD14E204E18455BFFB
S3151C000DB01C48E9DB4A85EF10B07D19C1EF20801C69
S3151C000DC0FD14E204E1846DBF011106CE22CC2AC6B5
S3151C000DD0EF70B04F3245005DEF70D051F2401335C5
S3151C000DE0140062440561828041114AC03289304137
S3151C000DF026C2045D22C406C62A840DE21C41014596
S3151C000E0091E70844EF20402523240400850404DCD4
S3151C000E10B240224492440249410182806310090275
S3151C000E204841EF40302E5C4038400145BA97184483
S3151C000E305CC0E3EDE7FC1C405CC0C9BF4845EF4005
S3151C000E40702C3C4058441440B307F0403E9758C49D
S3151C000E506375D7001844BA975CC489470145E317E4
S3151C000E60F9FACDD4FD145DB7AA87B0432E8501CE01
S3151C000E70D84794473297D8C76364D7009843D8C7D6
S3151C000E80CC476F4030288280397106DE22DC26DA98
S3151C000E904AD84ED652D456D25AD032C60DE1B706CF
S3151C000EA0051C3706051C9386C6381306462593056E
S3151C000EB0A02E3715051C13050541EF40100A2A8480
S3151C000EC0AE89B68491ED3C4181CFB706051C370629
S3151C000ED0051C93864639130646259305B02ED1BFAD
S3151C000EE089476391F402585C8547630DF700B70682
S3151C000EF0051C3706051C9386C63E13064625930518
S3151C000F00C02E45BFEF20000919EDB247014989CF14
S3151C000F10B706051C3706051C9386060B13064625C5
S3151C000F209305F02E79B70149894A7D5A130B0401A2
S3151C000F3061A0B24789E7EF70F03B01457DA06315C0
S3151C000F4009002808EF20002FEF70D03AEF10B01AD6
S3151C000F50EF70B03783474404E207E1876394470187
S3151C000F602302040483475404E207E1876394470180
S3151C000F70A3020404EF7010386C002808EF30E0213F
S3151C000F803DEDEF709034185C5C5C6310F702EF70FB
S3151C000F907036B2455A85EF10504F22856D33EF20BF
S3151C000FA0501711E9EF70F07139A0EF70B03422853B
S3151C000FB0593BEF2010160549EF703031185C5C5C0C
S3151C000FC06364F700E39754F72686CE852285293D70
S3151C000FD05C5089C713054402EF10905B01C501459F
S3151C000FE0EF70306EEF7010310545F2506254D254DA
S3151C000FF04259B259225A925A025B21618280228539
S3151C0010009933EF20101115BF397106DE22DC26DA62
S3151C0010104AD84ED652D432C60DE1B706051C370641
S3151C001020051C9386C6431306C62B9305C066371547
S3151C001030051C13050541EF4040722A842E8991ED4B
S3151C0010403C4181CFB706051C3706051C9386864492
S3151C0010501306C62B93050067D9BFEF10B07319EDA5
S3151C001060B247814489CFB706051C3706051C9386F3
S3151C001070060B1306C62B9305506755BF8144FD59B5
S3151C001080130A4402BDA0B24789E7EF70B02601459A
S3151C00109079A081E42808EF20E019EF70B025EF1045
S3151C0010A09005EF70902283474404E207E18763941E
S3151C0010B037012302040483475404E207E18763943F
S3151C0010C03701A3020404EF70F0226C002808EF30ED
S3151C0010D0C00C3DE12285CD3939C9B2455285EF1088
S3151C0010E0D03A22858D31EF20D00219E1EF70705D68
S3151C0010F08544EF70901D1C5CD9D7CA852285444453
S3151C001100A5335C5044C489CB13054402EF105048E8
S3151C00111001C50145EF70F05AEF70D01D0545F25020
S3151C0011206254D2544259B259225A21618280228574
S3151C0011301939EF20007E6DBF22853131EF20607D8D
S3151C0011402285593155D5A1B7411106C622C426C2DE
S3151C0011500DE1B706051C3706051C9386C638130613
S3151C001160062E9305B0753715051C13050541EF4072
S3151C001170C05E2A843C4189ED89CFB706051C37061B
S3151C001180051C9386464A1306062E9305C075E1BFB9
S3151C00119081EFB706051C3706051C9386864F13067A
S3151C0011A0062E9305D075C1B7185D814709C74445FE
S3151C0011B06539854744C4B240224492443E85410168
S3151C0011C08280397106DE22DC26DA4AD84ED652D403
S3151C0011D056D232C60DE1B706051C3706051C93868A
S3151C0011E0C64313068629930540503715051C13055F
S3151C0011F00541EF4080562A84AE8991ED3C4181CF52
S3151C001200B706051C3706051C9386864413068629D5
S3151C00121093058050D9BFEF10F05719EDB24701491D
S3151C00122089CFB706051C3706051C9386060B1306C5
S3151C00123086299305D05055BF01497D5A930A44020D
S3151C00124085A8B24789E7EF70F00A014541A86315E6
S3151C00125009002808EF10107EEF70D009EF10A06966
S3151C001260EF70B00683474404E207E18763944701A5
S3151C0012702302040483475404E207E187639447016D
S3151C001280A3020404EF7010076C002808EF20F0700E
S3151C00129025E52285153E21CDB2455685EF10F01E5B
S3151C0012A022855534EF20E06619E1EF70904105491F
S3151C0012B0EF70B001045CD1D4CE852285FD146D3649
S3151C0012C004DC1C4889CB13050401EF10702C01C5E6
S3151C0012D00145EF70103FEF70F0010545F250625466
S3151C0012E0D2544259B259225A925A2161828022857D
S3151C0012F0993CEF20006265BF2285B134EF20606106
S3151C0013002285D9344DD591B7011106CE0DE1B7060C
S3151C001310051C3706051C3715051C938646511306F6
S3151C001320462F9305E07813050541EF4000432AC676
S3151C001330EF70A0793245085D2AC6EF70A07BF2409B
S3151C001340324505618280011106CE22CC0DE1B7061D
S3151C001350051C3706051C3715051C9386C63813064F
S3151C001360C6309305F07913050541EF40003F2A84EA
S3151C001370EF70A0751C5C485C1D8D2AC6EF708077CB
S3151C001380F2406244324505618280011106CE22CCB0
S3151C00139026CA4AC84EC60DE1B706051C3706051CEB
S3151C0013A09386C638130686269305C03B3715051C3F
S3151C0013B013050541EF40603A2A84328991ED3C4180
S3151C0013C081CFB706051C3706051C938646391306BE
S3151C0013D086269305D03BD9BF09475C5C6390E60221
S3151C0013E00547638DE700B706051C3706051C938663
S3151C0013F0C63E130686269305E03B4DBF185C636606
S3151C001400F700894701456392F602834454041C5C29
S3151C0014103686228593998401C13A93D98941FD5711
S3151C0014206397F9025C5089EB0545F2406244D2444D
S3151C0014304249B2490561828013054402EF105015DA
S3151C00144065D5E30309FE85472320F900F1BF850412
S3151C001450E204E184A3029404C1BF011106CE0DE18E
S3151C001460B706051C3706051C9386C6381306462880
S3151C001470930540463715051C13050541EF40E02D25
S3151C0014803C4181CFB706051C3706051C9386C65101
S3151C0014901306462893058046F1BF1C4191EF1C4557
S3151C0014A081CFB706051C3706051C93868653130683
S3151C0014B046289305D0467DBF185D545D8147637AE7
S3151C0014C0D70283475504050718DD93968701E186E5
S3151C0014D07D576394E6025C5199E3854719A8130569
S3151C0014E045022EC6EF10D00AB24565D9FDD58547F3
S3151C0014F09CC1F2403E85056182808507E207E18733
S3151C001500A302F504D9BF011106CE22CC26CA4AC8AD
S3151C0015104EC652C40DE1B706051C3706051C93863C
S3151C001520C6381306862C9305F06F3715051C130554
S3151C0015300541EF4080222A84B28991ED3C4181CF3E
S3151C001540B706051C3706051C9386464A1306862CC9
S3151C00155093050070D9BF032984030145630309025F
S3151C0015608344440422850932139A84017D19135A33
S3151C0015708A41232C2403FD576318FA021C4891EB5D
S3151C0015800545F2406244D2444249B249224A0561A9
S3151C001590828013050401EF10A07F7DD1E38209FE32
S3151C0015A0854723A0F900E9BF8504E204E1842302F0
S3151C0015B09404F9B705E5B706051C3706051C8565B1
S3151C0015C03715051C41119386C63813064635938577
S3151C0015D0D5901305054106C6EF402018085D133546
S3151C0015E01500828005E5B706051C3706051C8565B2
S3151C0015F03715051C41119386C63813060637938585
S3151C00160055931305054106C6EF4020151C5D485D24
S3151C0016101D8D1335150082801DE1B706051C370686
S3151C001620051C3715051C41119386C6381306463210
S3151C0016309305007B1305054106C6EF400012085DA5
S3151C0016408280397106DE22DC26DA4AD84ED652D47E
S3151C0016502EC60DE1B706051C3706051C9386C64328
S3151C0016601306862A930550593715051C1305054183
S3151C001670EF40A00E3C412A8481CFB706051C3706D5
S3151C001680051C9386C6511306862A93059059E9BFF5
S3151C001690EF10501005E1B2478144014991CFB706BE
S3151C0016A0051C3706051C9386060B1306862A93050E
S3151C0016B0E0595DBF81440149FD59130A440279A8CA
S3151C0016C0B24785E381CCB706051C3706051C9386F5
S3151C0016D0C6591306862A9305505E79B7EF7080416A
S3151C0016E075A0631509002808EF10D034EF708040F0
S3151C0016F0EF106020EF70603D83474404E207E187EA
S3151C001700639437012302040483475404E207E187E8
S3151C00171063943701A3020404EF70C03D6C002808D3
S3151C001720EF20B02759E12285EFF00FEA2DC91C40A6
S3151C00173089EBEF7080390844EF107007AA84EF70AC
S3151C001740603BB2455285EF1040542285EFF0AFDF67
S3151C001750EF20201C19E1EF70C0760549EF70E036CA
S3151C0017601C5CB9DFFD171CDC1C4081E7EF10902ABE
S3151C00177008C41C4889CB13050401EF10606101C520
S3151C0017800145EF700074EF70E0368544F2506254E8
S3151C00179026854259D254B259225A21618280228509
S3151C0017A0EFF06FDAEF20E0164DBF2285EFF0AFD9D0
S3151C0017B0EF2020162285EFF02FE145D1E1D8EF70FE
S3151C0017C0C0305C50814589C71C5895459C439D8DEE
S3151C0017D008448144EF107014EF70C03145BF0111ED
S3151C0017E02AC606CEEF70602E32451C4189EB084591
S3151C0017F02AC6EF702030F2403245056182800145D1
S3151C001800C5BF1DE1B706051C3706051C3715051C8B
S3151C00181041119386C65C1306061E93057023130599
S3151C001820054106C6EF3070731841AA87014511E3BE
S3151C00183088478280011106CE22CC26CA0DE1B70646
S3151C001840051C3706051C3715051C9386865D130675
S3151C00185086219305902813050541EF301070044529
S3151C0018602A842EC6EF106071B245639BA4005C44AB
S3151C001870054585075CC4F2406244D24405618280FA
S3151C0018802285C1336DD95C4485075CC4EDB7411113
S3151C00189006C622C426C24AC00DE1B706051C370679
S3151C0018A0051C3715051C9386865D1306C61F9305F6
S3151C0018B0202513050541EF30506A032985002A842B
S3151C0018C0EF10A06B8144631DA9005C448544FD1781
S3151C0018D05CC499E78146014681452285EFF0CFDA43
S3151C0018E0B240224426850249924441018280B72790
S3151C0018F0051C9386078A01479387078A214603A8F6
S3151C0019000600631708000E07BA978CC3C8C38280EB
S3151C0019100507A106E315C7FE8280B727051C93861B
S3151C001920078A01479387078A2146CC426399A500FB
S3151C0019300E07BA9723A0070023A20700828005077B
S3151C001940A106E314C7FE8280411106C622C40DE11E
S3151C001950B706051C3706051C3715051C9386C638A5
S3151C001960130646349305B07B13050541EF30F05E34
S3151C0019702A84653722852244B24041016F30C0005B
S3151C0019803727051C9306078A81471307078A2146B2
S3151C001990CC426396A5008E07BA978843828085073A
S3151C0019A0A106E397C7FE01458280011122CC2EC6F3
S3151C0019B02A8432C406CEEF704011834744047D57F7
S3151C0019C0B245E207E18722466394E700230204043A
S3151C0019D0834754047D57E207E1876394E700A3021B
S3151C0019E004042EC632C4EF70E0101C5CB2452246BD
S3151C0019F089E713054402EF10A03422856244F240A5
S3151C001A0005616FF04FB4011106CE22CC0DE1B7066D
S3151C001A10051C3706051C3715051C9386C638130688
S3151C001A20861B9305301013050541EF3010532A848D
S3151C001A302EC6EF7080093040585C1440232C0402DB
S3151C001A40B307E60254C03387F600918FB6975CC481
S3151C001A50FD572302F404A302F404B24518C495E10D
S3151C001A601C4889CB13050401EF10803201C50145C2
S3151C001A70EF702045EF700008F24062440545056191
S3151C001A80828013050401EF60507A13054402EF604F
S3151C001A90D079CDB7011106CE22CC26CA4AC80DE193
S3151C001AA0B706051C3706051C3715051C9386065EEE
S3151C001AB01306C61C9305601713050541EF30F04944
S3151C001AC0AA843305B5022EC6328913050505EF20F7
S3151C001AD030652A84B24511C985E108C02CC044DC96
S3151C001AE0854522850D37230624052285F24062444E
S3151C001AF0D244424905618280930705051CC1F9BF82
S3151C001B0041112A868145054522C406C661372A84A9
S3151C001B1001CD23240500232005002326050081462C
S3151C001B2001468145EFF04FB62285B2402244410161
S3151C001B308280411106C622C40DE1B706051C370674
S3151C001B40051C93864660130646239305E02C371521
S3151C001B50051C13050541EF3050402E84637DB500EE
S3151C001B60B706051C3706051C9386466113064623D5
S3151C001B709305F02CE9BF09468145293F11C100DDBB
S3151C001B80B2402244410182802CC582802845828035
S3151C001B900345C504828018455C410841BA973385C4
S3151C001BA0A7406363E500198D8280011106CE22CC05
S3151C001BB026CA4AC84EC652C40DE2B716051C3706BD
S3151C001BC0051C938646821306467D930540443715AD
S3151C001BD0051C13050541EF30503840411C452A8928
S3151C001BE02E8AB3898740B28463733601B289330760
S3151C001BF0340163FDE700B716051C3706051C9386E2
S3151C001C00C6831306467D9305E044D1B70325890197
S3151C001C104E86D2852295EF30F04E63F999028327C2
S3151C001C2089003386344163FDC700B716051C370689
S3151C001C30051C938646871306467D9305604541BF62
S3151C001C4003258901B3053A01EF30D04B8327890060
S3151C001C5026946363F4001D8C23228900F24062449F
S3151C001C6026854249D244B249224A05618280011125
S3151C001C7022CC06CE26CA4AC84EC652C4368463E354
S3151C001C80C600328445C004411845B30997406373A6
S3151C001C903401A289328AAE872A8963723603B71643
S3151C001CA0051C3706051C9386C68A1306C67E930535
S3151C001CB000483715051C13050541EF30102AB3865D
S3151C001CC03401637DD700B716051C3706051C9386A1
S3151C001CD0868C1306C67E93051048E1BF0C4D4E86B6
S3151C001CE03E85A695EF30104263F68902637D8A0015
S3151C001CF0B716051C3706051C938606901306C67E6A
S3151C001D00930590487DB783258901330634414E954A
S3151C001D10EF30503F83278900A29463E3F4009D8C27
S3151C001D20232099002285F2406244D2444249B2499A
S3151C001D30224A05618280B716051C3716051C371505
S3151C001D40051C411193864691130646809305804CCB
S3151C001D501305054106C6EF305020797106D622D4EC
S3151C001D6026D24AD04ECE52CC56CA8DE1B716051C89
S3151C001D703706051C9386C695130646709305102DCB
S3151C001D803715051C13050541EF30301D2A8401ED5E
S3151C001D90B716051C3706051C9386869613064670D1
S3151C001DA09305202DF1BF8344C5012E8AB2898588EF
S3151C001DB0B68A8A04A1CAEF6050512285E93B2A895A
S3151C001DC063E5A4020145EF60705A1C4881CFB71623
S3151C001DD0051C3706051C93868697130646709305C5
S3151C001DE0502F79BFEF10601908C8EF60B05063EA36
S3151C001DF02403D686014681450145EF20E01E228537
S3151C001E0023280400493B2A8963EDA4008144B2506F
S3151C001E102254268502599254F249624AD24A456195
S3151C001E20828085C0CA8626866C002285832A040089
S3151C001E303D3DB2473309994063FBF9022320540107
S3151C001E408149CA864E86D28522851535AA845DDDD2
S3151C001E50EF00702A5C4889CB48488146014681457B
S3151C001E60EF20C005232A0400EF10B02A4DB7BE8907
S3151C001E70C9BF797106D622D426D24AD04ECE52CCB0
S3151C001E8056CA5AC88DE1B716051C3706051C93861B
S3151C001E90C69513060674930550363715051C13058F
S3151C001EA00541EF30900B2A8401EDB716051C370649
S3151C001EB0051C938686961306067493056036F1BF39
S3151C001EC08344C5012E8AB2898588B68A8A04E13183
S3151C001ED02A8963EEA4008144B250225426850259F5
S3151C001EE09254F249624AD24A424B4561828085C06D
S3151C001EF0AA8626866C002285032B04008D3BB247DE
S3151C001F003309994063F8F902232064018149CA8682
S3151C001F104E86D2852285A13BAA8455DD5C48CDDF41
S3151C001F2048485687814601468145EF00F022232A00
S3151C001F3004005DB7BE89E1BF1DE1B716051C370657
S3151C001F40051C3715051C41119386869613060665D6
S3151C001F509305B0161305054106C6EF3010008347DE
S3151C001F60C501898B99E36F203022130640028145F7
S3151C001F706F3030251DE1B716051C3706051C3715B5
S3151C001F80051C4111938686961306C6759305003D5E
S3151C001F901305054106C6EF30407C1C4148411D8D8A
S3151C001FA0133515008280797106D622D426D24AD0E2
S3151C001FB04ECE52CC56CA0DE1B716051C3706051C6B
S3151C001FC03715051C938686961306466693051019C7
S3151C001FD013050541EF3060782A8483290502EF60DA
S3151C001FE0D02E1C480145A1E758483E8529E3044CE0
S3151C001FF0032984009305500526854A86832AC40036
S3151C002000034AC401EF30F01B6383A4002D3313066F
S3151C002010000281452285EF30D01A054504CC2324C5
S3151C002020240123265401230E4401232034032AC6EB
S3151C002030EF60502CB2502254324592540259F24948
S3151C002040624AD24A456182801DE1B716051C3706D5
S3151C002050051C3715051C4111938686961306866941
S3151C0020609305B01D1305054106C6EF30006F1C41D4
S3151C002070184554413305F7007D15158D6363E5003E
S3151C002080198D8280397106DE22DC26DA4AD84ED6B4
S3151C00209052D436C68DE1B716051C3706051C938629
S3151C0020A0069B1306466D930540203715051C130524
S3151C0020B00541EF30806A2A8401EDB716051C3706E8
S3151C0020C0051C938686961306466D93055020F1BF14
S3151C0020D08347C5012E8A3289858B85C393094600A1
S3151C0020E0636E3601B716051C3706051C9386C69B00
S3151C0020F01306466D930500214DBFB289B24785E391
S3151C00210022859937AA844ACAA5EC8144F2506254A6
S3151C00211026854259D254B259225A216182802808F6
S3151C002120EF200003EF60701A2285393FAA8463767C
S3151C00213035050145EF6090235C4881CFB716051C19
S3151C0021403706051C9386069E1306466D930590223C
S3151C002150A9BFEF00906248C8EF60D019B24681450E
S3151C00216001460145EF1050686C00232A040028081C
S3151C002170EF20A00245D9C9D479B7EF60B017E5BFE7
S3151C0021808347C401858B9DEF63739900CA8426CA55
S3151C0021905246D2852285113CAA8425D92285E53A48
S3151C0021A05C44E365F5F6EF0000751C4889CB0848CE
S3151C0021B0814601468145EF10705023280400EF101C
S3151C0021C04075A9B7E3E334F511464C082285F13A6C
S3151C0021D0C1B7397106DE22DC26DA4AD84ED68DE125
S3151C0021E0B716051C3706051C9386069B1306866EBA
S3151C0021F09305B0263715051C13050541EF30E05530
S3151C0022002A8401EDB716051C3706051C938686968F
S3151C0022101306866E9305C026F1BF8347C501AE849F
S3151C002220B689858B328999C313094600228532C625
S3151C002230213D324632CE11E98144F2506254268544
S3151C0022404259D254B259216182808347C401858B7D
S3151C00225085EF6373C5002A8632CE7246A685228513
S3151C002260A932AA8471D922853D325C44E367F5FC08
S3151C0022701C48E1D708484E87814601468145EF0038
S3151C002280A06D2328040055BFE36825FB11466C0886
S3151C0022902285213AD9B7411106C622C40DE1B716CB
S3151C0022A0051C3706051C3715051C938686961306D2
S3151C0022B046779305703E13050541EF30004A0344EB
S3151C0022C0C5015933B24005880A043335A40022449B
S3151C0022D013451500410182801DE1B716051C370602
S3151C0022E0051C3715051C4111938686961306866BAD
S3151C0022F09305301F1305054106C6EF30004661B82D
S3151C0023001DE1B716051C3706051C3715051C4111A2
S3151C00231093868696130686679305E01B130505416F
S3151C00232006C6EF308043AA8791E18545984701454B
S3151C0023306364B700CCC705458280411106C622C41A
S3151C0023400DE1B716051C3706051C3715051C9386AB
S3151C0023508696130686789305A04013050541EF3033
S3151C002360C03F1C492A84014591CB08482E878146CB
S3151C00237001468145D523054523280400B240224445
S3151C00238041018280411106C622C40DE1B716051C07
S3151C0023903706051C3715051C938686961306C67AC2
S3151C0023A09305804213050541EF30203B5C492A8486
S3151C0023B0014591CB48482E87814601468145692BAC
S3151C0023C00545232A0400B2402244410182800111A2
S3151C0023D026CA4AC806CE22CC4EC652C48547AA84F3
S3151C0023E02E896316F6029147054A63EFA702B716B4
S3151C0023F0051C3706051C938646A1130646639305E2
S3151C002400800E3715051C13050541EF300035014AB2
S3151C00241001EDB716051C3706051C9386C6A31306C5
S3151C00242046639305E00EF1BF63FD2401B716051C38
S3151C0024303706051C938646A5130646639305000FAF
S3151C002440C9B763130900054913855402EF20404D93
S3151C0024502A8415C9930945028504268693055005C9
S3151C0024604E85EF3000566383A900F13013064002F7
S3151C00247081452285EF30E054232C340104C42326E5
S3151C0024802401230E44012285F2406244D24442496F
S3151C002490B249224A05618280011106CE22CC26CA87
S3151C0024A00DE1B716051C3706051C93868696130682
S3151C0024B0C671930570333715051C13050541EF309E
S3151C0024C0C0298347C5012A84858BA1C3EFF0AFECD5
S3151C0024D09147AA8663FFA70011466C00228504401B
S3151C0024E0EFF0EFF8324504C0F2406244D244056175
S3151C0024F0828001CDB716051C3706051C9386C6A718
S3151C0025001306C671930500357DB70145F1BF0CD185
S3151C0025108280085182800345C50105898280184145
S3151C002520AA8729CB584113068500584358C1631402
S3151C002530C700584558C1D8438328C700D8435843B9
S3151C002540D8C36314E600D847D8C3D843AE864847D9
S3151C0025501307850813038509038E06000308070065
S3151C0025606318C801630A080005078506E316E3FE1F
S3151C002570E396A8FC014582808280797126D24ECED4
S3151C0025805AC8BA84B2894257368BB2860326480883
S3151C0025905EC662C4B72B051C130C480006D6938B6B
S3151C0025A00B8E22D44AD052CC56CA66C2AA8A2E890F
S3151C0025B06285C685428483AC0B003E8A23A00B0130
S3151C0025C0EF60B013E2850145EF606079032544088E
S3151C0025D08A09B707008093C7F7FF4E869305500AF2
S3151C0025E023A09B0193DBF401FD8CEF30803D8327F8
S3151C0025F04408F119BE9993F909FF6307090ECA85A8
S3151C0026009307840813070901838605002380D700D6
S3151C0026108386050089C685058507E397E5FEA30B1A
S3151C0026200408914763F397009144232094082322BE
S3151C002630940A130584052324040AEF6040401305FD
S3151C002640C406EF60C03F9547B3849740232C0450C3
S3151C00265013068042814560D064D420DC232C0408F8
S3151C002660230E04501305040FEF30A0359307C43D09
S3151C002670232AF40E93074444232CF40E9307C44ACE
S3151C002680232EF40E8547232CF418B737CDAB93872E
S3151C002690E7302320F41AB7176DE6938747232322C6
S3151C0026A0F41AB7E705009387C7EE2324F41AAD473F
S3151C0026B02316F41A230F0450DE865A86D6854E85B9
S3151C0026C0EF60F04F08C063040A0023208A00B25052
S3151C0026D0225492540259F249624AD24A424BB24B94
S3151C0026E0224C924C45618280230404081DBF7971DB
S3151C0026F022D43724051C4AD01309048E26D24ECE6A
S3151C002700AA8483294900832709000325090006D6C4
S3151C002710238F0750130585052EC6EF600037FD571E
S3151C0027201304048EB2456391F40299CD83250900E6
S3151C0027302254B2509254F2491305890002599385CA
S3151C002740850545616F6000301C40CE94A4CF63FEA6
S3151C0027503401484C0C402254B25092540259F2494E
S3151C0027609385850545616F60602F08500C409385E5
S3151C0027708505EF60A02E5C5063F3F40044D0B25084
S3151C002780225492540259F24945618280B716051C9F
S3151C0027903716051C3715051C41119386C6D2130620
S3151C0027A086B09305F0731305054106C6EF20F07A33
S3151C0027B0411122C42A841305050F06C6EF30C03406
S3151C0027C08347D45199EB03254408EF20E01B22854F
S3151C0027D02244B24041016F20201B0547E389E7FED6
S3151C0027E009476383E702B716051C3716051C856562
S3151C0027F03715051C938646D3130686C9938575FA29
S3151C00280013050541EF207075B240224441018280B8
S3151C00281009E5B727051C03A5078E01478146014616
S3151C00282011056F60806D09E5B727051C03A5078E8A
S3151C002830032505088280011106CE22CC26CA4AC869
S3151C0028400DE1B716051C3716051C3715051C938696
S3151C00285086D61306C6B29305007A13050541EF20EA
S3151C002860D06F3724051C38559307048EA107AA84FC
S3151C0028701304048E0149631AF7047C5D1305840254
S3151C0028806385A704B9E35C5C9385C4068DEF1C4085
S3151C00289003A904089385840583A707082E852EC6DD
S3151C0028A03339F900EF60601E03A504083C40134948
S3151C0028B01900B24563F3A70028C0D1473305F502BA
S3151C0028C0130444042295EF60E017F24062444A85E3
S3151C0028D0D2444249056182804111054506C6EF6016
S3151C0028E0405EB727051CB2409387078E23A4070AB0
S3151C0028F041016F60605CB727051C9387078ED85F04
S3151C0029000507D8DF8280B727051C9387078EC84327
S3151C0029108280B727051C9387078E03A5C70A82806A
S3151C0029200DE9B727051C03A5078E05E5B716051C7B
S3151C0029303716051C85653715051C4111938686D7E8
S3151C002940130646B69385A5961305054106C6EF20C4
S3151C002950D060130585088280011106CE22CC26CABA
S3151C0029604AC815E1B716051C3716051C85659386DE
S3151C00297006D8130686CF938525373715051C1305F0
S3151C0029800541EF20905D2A843A8981C683278551AB
S3151C0029909CC28347C4510947230EE450114793F741
S3151C0029A0F70F6364C7043717051C130707480A0685
S3151C0029B03A961842028703278451D98D232CB4508A
S3151C0029C031A0032784510507232CE4500547638F48
S3151C0029D0E7020545F2406244D244424905618280C1
S3151C0029E00947E39DE7FC0145F5B7832684517D57CE
S3151C0029F0E38EE6FCB716051C3716051C8565938603
S3151C002A0006D9130686CF9385553B85BF7C5C89CF3B
S3151C002A10B716051C3716051C8565938606DB13063B
S3151C002A2086CF9385053C91BFB724051C9387048EDE
S3151C002A30DC5F9384048EB1E7930584052E852EC630
S3151C002A40EF60A00483270408B840B2456373F700FF
S3151C002A50BCC05147B387E702138544043E95EF502B
S3151C002A60707E9C400327040883A70708E3F3E7F658
S3151C002A706305090085472320F900854723A8F40A26
S3151C002A8089BF9305C40613858402D1BF011106CEE6
S3151C002A9022CC26CA4AC815E1B716051C3716051CD2
S3151C002AA08565938606D8130646D19385253F37152B
S3151C002AB0051C13050541EF20504A89470347C5519C
S3151C002AC0230EF550832785512A848507232CF55020
S3151C002AD08547639DE7067C5D89CFB716051C3716AF
S3151C002AE0051C8565938606DB130646D193858541B1
S3151C002AF07DBFB724051C9387048EDC5F2E899384C7
S3151C002B00048EB9EB930585052E852EC6EF50F077FE
S3151C002B1083270408B840B2456373F700BCC051470D
S3151C002B20B387E702138544043E95EF50B0719C4071
S3151C002B300327040883A7070863FAE700630509004F
S3151C002B4085472320F900854723A8F40AF2406244EE
S3151C002B50D2444249056182809305C50613858402C9
S3151C002B60E9B7011122CC3724051C9307048ED85FC4
S3151C002B7006CE26CA4AC84EC652C456C25AC0631D81
S3151C002B80070E03AA47001304048E050A23A2470155
S3151C002B9063110A049C539C4395C3B716051C371630
S3151C002BA0051C85653715051C938606DF130686BA34
S3151C002BB0938535AF13050541EF20303A1C50584C10
S3151C002BC018D05CCC8327440B8507232AF40AEF50C4
S3151C002BD0F06D5C5081496372FA041C40514783A70F
S3151C002BE00708B387E702A297F843854763F3E70014
S3151C002BF085498327840B99E3EF60F0468327040BF2
S3151C002C0091C38549F24062444E85D2444249B24939
S3151C002C10224A924A024B05618280930A4404514B14
S3151C002C201C509C4381E7FD575CD045BF1C50DC47BC
S3151C002C30C447BC4CE36AFAFE138984054A85EF50E7
S3151C002C40D064FC5C89C71385C406EF50106403A5C9
S3151C002C5004083C4063F3A70028C033056503CA85F6
S3151C002C605695EF50305E1C4003A7040883A707083F
S3151C002C70E368F7FA85496DB703A7870B81490507F2
S3151C002C8023ACE70AEF60303EB5BF411106C622C42D
S3151C002C9015E1B716051C3716051C85653715051C69
S3151C002CA0938686E6130606BD938545C41305054122
S3151C002CB0EF20B02AB727051C2E8483A5078E938583
S3151C002CC0C506EF50B05922852244B24085454101C4
S3151C002CD039BC011106CE15E1B716051C3716051CA5
S3151C002CE08565938686E6130686BE938555C5371578
S3151C002CF0051C13050541EF205026B727051C938795
S3151C002D00078ED85F09EFB716051C3716051C856597
S3151C002D10938646E7130686BE938595C5C9BF984319
S3151C002D20B7060080D58D6CD78C4332C69385C506F5
S3151C002D30EF5050513246F24085453285056145BA01
S3151C002D40011106CE22CC15E1B716051C3716051C3B
S3151C002D5085653715051C938686E6130686C09385FE
S3151C002D60F5C613050541EF20501FB727051C2E84F9
S3151C002D7083A5078E32C69385C506EF50B04C3246E6
S3151C002D8011C27D5422856244F240B285056185B22A
S3151C002D905C45011126CAC44706CE22CC95E0B7165F
S3151C002DA0051C3716051C85653715051C938606E913
S3151C002DB0130686C29385F5C913050541EF20F01944
S3151C002DC09385C4062E852EC63724051CEF50F04B62
S3151C002DD09307048EDC5F1304048EB245130584022C
S3151C002DE085E7938584052E852EC6EF50104A83A74A
S3151C002DF004083840B2456373F7003CC05147B3879B
S3151C002E00E702130544043E95EF50D0431C4003A72C
S3151C002E100408014583A7070863F6E70085472328AE
S3151C002E20F40A0545F2406244D244056182800111D0
S3151C002E3022CC3724051C1307048E585F06CE26CADF
S3151C002E4015E3B716051C3716051C8565938606EA19
S3151C002E50130646C4938565CD3715051C1305054118
S3151C002E60EF20B00F370700804445D98D0CC189EC83
S3151C002E70B716051C3716051C8565938606E91306C9
S3151C002E8046C49385E5CDC9BFEF5030409385840574
S3151C002E902E852EC61304048EEF50303F83A70408DC
S3151C002EA03840B2456373F7003CC05147B387E7020D
S3151C002EB0130544043E95EF50F0381C4003A7040844
S3151C002EC083A7070863F5E70085472328F40AF24021
S3151C002ED06244D24405618280B727051C1387078E7E
S3151C002EE0545F89C685472328F70A82809387078EF5
S3151C002EF023A8070AB8435145B306A7023386D70051
S3151C002F006C4285C92C469306C604CC412CC66394D8
S3151C002F10D500D44134C6D146B306D702BE96B446B4
S3151C002F20D44694C3B8C39C439387070F23A0F11AB6
S3151C002F30828005E7B716051C3716051C85653715EF
S3151C002F40051C4111938606ED1306C6BB9385B5C2B7
S3151C002F501305054106C6EF2050007D1771BFB72724
S3151C002F60051C9387078E98439443685783A60608C7
S3151C002F7098439547958F7CD78280B727051C03A558
S3151C002F80078E8280B727051C9387078E054723A8C3
S3151C002F90E70A8280B727051C9387078E03A7870A33
S3151C002FA0054509C7C85F13351500060582805DC136
S3151C002FB0011126CAB724051C1387048E14438327C4
S3151C002FC0050806CE83A6060822CC9384048E63FBD2
S3151C002FD0D706785563480700984083260708154787
S3151C002FE0158F78D5D146B387D70213874404BA9771
S3151C002FF038556313F704930585052A842E852EC63A
S3151C003000EF50B0289C40B24503A50708BC402320BE
S3151C003010A40863F3A700A8C0D1473305F502B72758
S3151C003020051C938747923E95EF50D0210545F240EB
S3151C0030306244D244056182809C4083A707082320F2
S3151C003040F508EDB71C430325450A83A70708333546
S3151C003050F500F1BF0145828009E9014582800145E1
S3151C003060F2406244D24405618280011126CAB7240B
S3151C003070051C9387048E22CC804306CE9384048E33
S3151C0030806303A402B716051C3716051C8565371580
S3151C003090051C938606EE130686CA9385D50513056D
S3151C0030A00541EF20806B8327840A95E3B716051C20
S3151C0030B03716051C85653715051C938686EF130682
S3151C0030C086CA9385E50513050541EF20006983260D
S3151C0030D004080327440AFD172324F40AE381E6F8AF
S3151C0030E0BDFF930584052E852EC6EF50101A0325A9
S3151C0030F0440A9547B245898F7CD4BC402320A4083A
S3151C00310063F3A700A8C0D1473305F5029384440492
S3151C0031102695EF5030130545A1B775C18326850A40
S3151C003120011122CC06CE26CA2A8495E2B716051CA6
S3151C0031303716051C85653715051C938686EF130601
S3151C00314006CC9385C50A13050541EF20006183272C
S3151C003150450A63F3B700AE8703270408630CF70818
S3151C00316005466399C608B724051C9386048E9442AB
S3151C0031709384048E63938602B716051C3716051CAA
S3151C00318085653715051C938606F1130606CC9385B3
S3151C003190750C13050541EF20405C74542320F4087C
S3151C0031A063C606009546B387F6407CD4D1463307E2
S3151C0031B0D702938744043E973C54639DE7029305CC
S3151C0031C084052E852EC6EF50500C03250408BC40E2
S3151C0031D0B24563F3A700A8C0D1473305F502624484
S3151C0031E0F240D244B727051C9387479205613E954A
S3151C0031F06F505005F2406244D24405618280828041
S3151C00320001C50325050A82800145828019C1232038
S3151C003210B50A8280B727051C1387078E1843938728
S3151C003220078E19C7944303A7860A050723A4E60A33
S3151C00323088438280B727051C9387078E03A7470BF5
S3151C003240DC4318C15CC18280011122CC26CA52C43F
S3151C003250AA843724051C06CE4AC84EC6EF50F00673
S3151C0032609307048E03A7C70A3725051C1304048E6F
S3151C003270050723A6E70A9C43130A4592E1E304C00B
S3151C0032800327C40A85476310F70613054592EF50BA
S3151C003290C07913058405EF5040791305C406EF5019
S3151C0032A0C07813050408EF50407813054409EF5005
S3151C0032B0C0779309C40B4E85EF5020771309040D74
S3151C0032C04A85EF50807613058402EF50007613056D
S3151C0032D0440EEF50807513058400EF5000752320B3
S3151C0032E03403232E24018327840F03A50408850792
S3151C0032F0232CF40E23AEF4083C4063F3A70028C02D
S3151C003300D1473305F502938584055295EF5080739A
S3151C003310EF50407E8327840A95CF1C4003A70708DD
S3151C00332083A704086378F7026244F240D2444249F8
S3151C003330B249224A014505616F50B0388327840A79
S3151C003340DDF31C4003A7070883A70408E3EDE7F891
S3151C00335004C051BFF2406244D2444249B249224A97
S3151C0033600561828039714AD82A89131526004ED6E2
S3151C00337052D456D206DE22DC26DABA893E8AC28AA4
S3151C0033802ECE32CCEF10C05939CDAA84372E000070
S3151C003390130E0E0213050052EF1080582A842A8E33
S3151C0033A0370E0200130E2E20F245624615C9232243
S3151C0033B09508A30E05502A888148D6875287CE8643
S3151C0033C04A8502C0EFF06F9B2285BD3D0545F25034
S3151C0033D06254D2544259B259225A925A216182805D
S3151C0033E02685EF10605A7D55DDB7411122C437245E
S3151C0033F0051C1304048EB715051C3795001C1308F1
S3151C003400C40FB7070080014781461306800C9385BD
S3151C00341085F2130545B226C24AC006C60549993728
S3151C003420AA84631B2503EF10C01BAA8463162503FD
S3151C003430EF5030291C40B2409387070F23A0F11A86
S3151C003440FD575CD02324940A232204002244924470
S3151C003450024941016F503022FD576393F402B7169F
S3151C003460051C3716051C85653715051C938606F342
S3151C003470130606B49385758513050541EF20E02DCB
S3151C003480B2402244924402494101828058497971D2
S3151C00349006D622D426D20DE3B716051C3716051CF4
S3151C0034A03715051C938646F4130646A99305602B0F
S3151C0034B013050541EF20602A2A84130500522ECEDF
S3151C0034C0EF100046AA84371E0000130E0E012A8E2A
S3151C0034D0370E0100130E1E107D55F247B1C0584819
S3151C0034E09308840123A2E4080547A38EE4500348ED
S3151C0034F0C40918485444035684004C40084042C032
S3151C0035002688EFF08F87B705001C130600049385E9
S3151C00351005041385C40AEF20E03E26853533054590
S3151C003520B2502254925445618280411122C426C253
S3151C0035303724051CAA8406C64AC01304048EEF5001
S3151C003540C05891E00440138984054A85EF50E05326
S3151C003550FC5C89C71385C406EF5020538327840F50
S3151C0035608507232CF40E1C4063969704CA85130505
S3151C003570440EEF50204D8327041085072320F4109A
S3151C003580EF5040578327840AA9CB1C4063979704A6
S3151C0035905C5C85CFB716051C3716051C3715051C34
S3151C0035A0938686F61306C6AA930530501305054165
S3151C0035B0EF20A01A8327C40A2685FD172326F40AA2
S3151C0035C0EFF00F9FEF50804E65BF2244B2409244ED
S3151C0035D00249014541016F50D00EB240224492442B
S3151C0035E002494101828001112AC606CEEF50E04DE8
S3151C0035F0324509E5B727051C03A5078E03250508D3
S3151C0036002AC6EF50204FF2403245056182800111D7
S3151C00361006CE22CC26CA4AC84EC652C40DE1B716DF
S3151C003620051C3716051C3715051C938686D71306ED
S3151C00363046AD9305905913050541EF20001237241A
S3151C003640051C1304048E18402A890145630E2703A2
S3151C003650EF50A047032A0402832489068329C40148
S3151C003660EF504049094563814403638F3401930736
S3151C00367084006393F4020327C90719E70347C9515A
S3151C00368085466383E6000D45F2406244D2444249B6
S3151C003690B249224A056182801304440E1145E38512
S3151C0036A084FEFDD00545CDB7011106CE22CC26CA17
S3151C0036B04AC8914763F2B702B716051C3716051C94
S3151C0036C03715051C938646F8130646AE93053063DC
S3151C0036D013050541EF2060082EC62A84EF50E03EF4
S3151C0036E0B24509E4B727051C03A4078E0327440A21
S3151C0036F0638AE5083729051C1309098E637BB708FD
S3151C003700832709008144638A87008327090083A4D1
S3151C0037100708B3B4950093C41400832704086314E4
S3151C003720F7002320B40878542322B40A6346070002
S3151C0037301547B305B7406CD4D146B387D7021307D8
S3151C0037404904BA973854631BF702930584052E85E2
S3151C0037502EC6EF5080330325040883270904B2457F
S3151C00376063F4A7002320A904D1473305F502B72724
S3151C003770051C938747923E95EF50C02C81C401458A
S3151C003780EF5020746244F240D244424905616F50A6
S3151C003790603683240900818C93B41400BDBF41118B
S3151C0037A022C426C23724051CAA8406C64AC0130492
S3151C0037B0048EEF50803191E00440138984054A85BC
S3151C0037C0EF50A02CFC5C89C71385C406EF50E02B78
S3151C0037D0CA8513058400EF50E02683C7C4510547EC
S3151C0037E06314F700238E0450EF50C0308327840ADD
S3151C0037F099C7EF50802DEF50602BEF50A02F1C4027
S3151C003800639697048327840A9DCB5C5C8DC3B7168D
S3151C003810051C3716051C3715051C938686F61306DC
S3151C00382086AF9305507113050541EF1010732244A2
S3151C003830B24092440249014541016F5080681844C8
S3151C0038408327C40A631AF70023200400B2402244CB
S3151C00385092440249410182802244B2409244024968
S3151C00386041016FF06FE7011106CE22CC26CA0DE18D
S3151C003870B716051C3716051C3715051C938686D6E8
S3151C003880130606B29305907613050541EF10F06CEE
S3151C0038903724051C9307048E9C43AA841304048EA8
S3151C0038A06384A706EF506022B854930784006317FD
S3151C0038B0F704FC5C130784026382E704A1E3938587
S3151C0038C084052E852EC6EF50401C83A7040838405D
S3151C0038D0B2456373F7003CC05147B387E702130533
S3151C0038E044043E95EF5000161C4003A7040883A70A
S3151C0038F007086365F7000145EF50A05C6244F2407F
S3151C003900D24405616F50001FF2406244D2440561E7
S3151C0039108280797122D43724051C9307048EDC5FC0
S3151C00392006D626D24AD04ECE52CC95E3B716051CE7
S3151C0039303716051C85653715051C938606FA13066E
S3151C00394046B59385658C13050541EF10106113046C
S3151C003950048EEF5080175C5CFD175CDC5C5C91CFC1
S3151C00396001452AC6EF500019B250225432459254D2
S3151C0039700259F249624A456182808327C40A8144FE
S3151C003980E5D313094404D149054A1C548DEB99C04F
S3151C003990EF50C0118324840B99C80549EFF06F9C26
S3151C0039A019C12328240BFD14F5F8232C040A83279C
S3151C0039B0040BDDD70145EF50C05005455DB75C587B
S3151C0039C0C4471385C406EF50400C938584052E8589
S3151C0039D02EC6EF50800B03A504083C40B24563F38A
S3151C0039E0A70028C0330535034A95EF50A0051C4097
S3151C0039F003A7040883A70708E369F7F82328440BE1
S3151C003A0069B701E9014521A0F240014505616F50E6
S3151C003A10404BB727051C9387078EDC5F011106CE2A
S3151C003A208DC3B716051C3716051C3715051C938642
S3151C003A3086F6130686AC9305D05613050541EF1082
S3151C003A40D0512AC6EFE03FEB32458145EFE03FCA35
S3151C003A50C9355DD9F24005618280011106CE22CCA2
S3151C003A6026CA0DE1B716051C3716051C938686FB60
S3151C003A70130686AB930570513715051C13050541B6
S3151C003A80EF10B04D81EDB716051C3716051C938635
S3151C003A90C6FC130686AB93058051F9BFB724051CDB
S3151C003AA09384048EDC5C81CFB716051C3716051C67
S3151C003AB0938686F6130686AB9305905175BF2A84AA
S3151C003AC02EC6EFE05FE31840B245C840B307B70007
S3151C003AD01CC0637CE50063ECE700253D0DE16244F8
S3151C003AE0F240D24405616F50C03D63E4E700E376C3
S3151C003AF0F5FE81453385A740EFE07FBFF9BFF24055
S3151C003B006244D24405618280411122C426C24AC045
S3151C003B1006C62E843289AA8409E5B727051C83A408
S3151C003B20078E938784085CC083A7040804C01CC83E
S3151C003B3083A744085CCC83A7C4091CC483A7440A76
S3151C003B40232C04005CC89547638CF604B727051C18
S3151C003B5083A7078E639A9702232604006308090429
S3151C003B6083A644081306500A368783450700B30705
S3151C003B70D740638BC50289832310F402B2402244CA
S3151C003B80924402494101828054C48D47E398F6FC55
S3151C003B90EFE07FD6FC5C99C389475CC49D3B7DBF27
S3151C003BA02685B53448C45DBF0507C1B7231004027A
S3151C003BB0F1B79C41797126D206D622D44AD04ECE74
S3151C003BC052CC56CA5AC85EC68144B9C7DC41938AD0
S3151C003BD08500DC43DCC163945701DC45DCC1DC4158
S3151C003BE0B2892E8403ABC7002A898144930B4002F9
S3151C003BF05C40DC435CC06394FA005C445CC0B385E7
S3151C003C0074035C40CE86054603AAC700850452850C
S3151C003C10CA95DD3DE31E4BFDB25022542685025942
S3151C003C209254F249624AD24A424BB24B4561828057
S3151C003C3001114AC806CE22CC26CA4EC652C456C24A
S3151C003C402A89EF20C00FBD4763F3A702B716051CD0
S3151C003C503716051C85653715051C938646FE130607
S3151C003C6046B79385859D13050541EF10102FB72484
S3151C003C70051C9384048EEFE01FC88149938A44096E
S3151C003C80130AC0F9CA8533853A01EFE05F892A8495
S3151C003C900DEDB119E39849FF8850CA85EFE03F88BE
S3151C003CA02A8405E5C84CCA85EFE07F872A8411ED76
S3151C003CB0CA8513858400EFE09F862A8419E5CA8588
S3151C003CC01385440EEFE0BF852A84A1312285F2407C
S3151C003CD06244D2444249B249224A924A05618280D0
S3151C003CE0397122DC26DA52D456D22EC606DE4AD8C2
S3151C003CF04ED65AD05ECE2A8AB28AB724051CEFE06D
S3151C003D009FBF9387048E83A7C70AB245014463E904
S3151C003D10F5069384048E81490144938B4409130947
S3151C003D204002130BC0F933052403B3853B0105463A
S3151C003D30B1195295BD3D2A94E39769FF33052403B7
S3151C003D408C5009465295B5352A9433052403CC4C20
S3151C003D5009465295B93D2A94330524031146938589
S3151C003D60440E5295B9352A94330524030D46938582
S3151C003D70840052953D3D2A9463840A0023A00A00C0
S3151C003D80493E2285F2506254D2544259B259225AA3
S3151C003D90925A025BF24B21618280011122CC37249C
S3151C003DA0051C1304048E5C5C06CE95C3B716051C55
S3151C003DB03716051C85653715051C938686F613066E
S3151C003DC046B8938515A813050541EF1010192AC688
S3151C003DD0EFE07FB28327840B3245F2403E95232CBD
S3151C003DE0A40A6244056135B6411106C622C426C220
S3151C003DF04AC015E1B716051C3716051C856537150F
S3151C003E00051C938686D7130686B9938545A9130583
S3151C003E100541EF1090142A84EFE0FFAD2285EFF0E8
S3151C003E200FFF894701496313F506130984054A8563
S3151C003E30EF40B045EF4070497C5C81CB1305C4064E
S3151C003E40EF40B0448547230FF450EF40B04AB724E7
S3151C003E50051C1387048E8327040838439384048E19
S3151C003E606373F700BCC05147B387E702138544044C
S3151C003E70CA8505493E95EF40F03C9C400327040843
S3151C003E8083A7070863F4E70023A8240B5934B24020
S3151C003E9022444A859244024941018280011106CE80
S3151C003EA0EF40B042B727051C9387078EC8432AC626
S3151C003EB0EF405044F240324505618280011106CE26
S3151C003EC022CC26CA15E1B716051C3716051C8565B6
S3151C003ED0938606D8130646CE9385F52F3715051CF3
S3151C003EE013050541EF10700732C636C42A84AE840A
S3151C003EF0EF40B03DA246324681C6832784519CC200
S3151C003F008347C4510947230EE450114793F7F70F13
S3151C003F106367C7043717051C130747490A063A96F1
S3151C003F201842028783258451CD8C232C945031A0B2
S3151C003F30032784510507232CE45005476382E704B5
S3151C003F4005452AC6EF40103BF24062443245D24436
S3151C003F50056182800947E39AE7FC0145DDB78326A4
S3151C003F6084517D57E38BE6FCB716051C3716051CDA
S3151C003F708565938606D9130646CE93850533B9BF48
S3151C003F80930584052E852EC6B724051CEF40F02FFD
S3151C003F901387048E8327040838439384048EB24502
S3151C003FA06373F700BCC05147B387E702138544040B
S3151C003FB03E95EF4030297C5C89CFB716051C371619
S3151C003FC0051C8565938606DB130646CE9385F5335D
S3151C003FD031B79C400327040883A70708E3F2E7F6DA
S3151C003FE00145EF40106EA9BF797122D426D24AD062
S3151C003FF04ECE36C63724051C06D62A89AE84B2890F
S3151C004000EF40B02C9307048E9C4309471304048E7F
S3151C00401083C7C751B2466307F7021C401349F9FF11
S3151C004020054703A587513379A90023AC27511C40AA
S3151C004030238EE75081CA36858545EFE04FEB014557
S3151C004040EF403068EF40102BEF40302863870900A3
S3151C0040501C4083A7875123A0F9001C400947014532
S3151C00406083C7C751631BF7001C4093C4F4FF054567
S3151C00407003A78751F98C23AC97501C40238E0750FD
S3151C0040802AC6EF403027B250225432459254025968
S3151C004090F24945618280011122CC26CA3724051CAF
S3151C0040A0AA8406CE2EC6EF4050229307048E9C434C
S3151C0040B01304048E324583A7875181EF1C400547A4
S3151C0040C0238EE75019C58545EFE06FE20145EF40A9
S3151C0040D0505FEF403022EF40501F1C4003A5875114
S3151C0040E009C51C4099CC23AC07501C40238E075095
S3151C0040F02AC6EF403020F24062443245D244056164
S3151C00410082801307F5FF23ACE750C5B7011122CCFB
S3151C00411026CA06CEB724051C9384048E2A8411E174
S3151C00412080402EC6EF40701A9C40B24503A58751AD
S3151C0041308327845193C5F5FFFD8D232CB4502AC6C5
S3151C004140EF40501BF24062443245D24405618280E6
S3151C004150011106CE15E1B716051C3716051C85651B
S3151C0041603715051C93868600130686C6938525D0AF
S3151C00417013050541EF10605E2AC6EF401015B727E0
S3151C004180051C9387078E324503A7470BDC43F24079
S3151C00419018C15CC105616F40F015011106CE22CC19
S3151C0041A015E1B716051C3716051C85659386860012
S3151C0041B0130606C8938585D13715051C13050541BD
S3151C0041C0EF10A05989EDB716051C3716051C856519
S3151C0041D093864601130606C8938595D1F1BF2AC658
S3151C0041E02EC4EF40900EB727051C9387078ED44329
S3151C0041F098433245A2450347E75111C79C43238F79
S3151C004200075005440DA898417D5601446305C70215
S3151C00421083A7470B0328050050416305F800054496
S3151C00422063FBC600B387C64063FEE7001D8F98C1BB
S3151C004230EFF04F800144EF40F00B2285F2406244C0
S3151C0042400561828023A005006DBF411122C437245D
S3151C004250051C06C626C24AC01304449EEF40F0063F
S3151C0042601C409DEB130944004A85EF40007C9304D7
S3151C00427084012685EF40607B0146C14511452326F6
S3151C004280240304D8EFD01F8108C019C5B715051C17
S3151C00429093858518EFD0AFE52244B240924402497B
S3151C0042A041016F403005411106C64CC108C9AA8799
S3151C0042B06363B602184D158E0545637BE600938530
S3151C0042C04700B727051C03A547A1EF4020790145E8
S3151C0042D0B240410182806375D6000545E3FAD5FEDE
S3151C0042E093854700B727051C03A507A1F9BF011134
S3151C0042F056C2AA8A1305C00222CC26CA4AC84EC672
S3151C00430052C406CEAE843289368ABA89112D2A84C5
S3151C00431021C9230405028DE0B716051C3716051C9A
S3151C0043203715051C938606191306C60393056016D6
S3151C00433013050541EF106042093F13054400232075
S3151C004340540104CC232E440123203403EF40206F58
S3151C004350630809008347840293E747002304F40299
S3151C0043602285F2406244D2444249B249224A924AC8
S3151C00437005618280011106CE0DE1B716051C3716A4
S3151C004380051C3715051C9386C61A13068614930539
S3151C004390F03F13050541EF10403C2AC6EF40E07282
S3151C0043A03245484D2AC6EF40E074F240324505615D
S3151C0043B08280011106CE0DE1B716051C3716051CA9
S3151C0043C03715051C9386C61A1306C6159305F040A9
S3151C0043D013050541EF1060382AC62EC4EF40E06E67
S3151C0043E03245A245F2404CCD05616F40A0700111CB
S3151C0043F006CE0DE1B716051C3716051C3715051C10
S3151C0044009386C61A130646139305603E130505418B
S3151C004410EF10A0342AC6EF40406B32450345850297
S3151C00442005892AC6EF40006DF2403245056182803F
S3151C004430B727051C03A587A11DE1B716051C371652
S3151C004440051C3715051C41119386461B1306C6060B
S3151C0044509305D01A1305054106C6EF10003082805D
S3151C0044600111B68732C63E86B727051C2AC203A58C
S3151C004470479E2EC479578A85814606CE3AC0EFC020
S3151C004480DFF0F24005618280B727051C83A7479E93
S3151C004490011106CE8DE3B716051C3716051C3715FC
S3151C0044A0051C9386861D130606179305B043130534
S3151C0044B00541EF10802A3687FD5636C02AC22EC407
S3151C0044C032C68A8581463A863E85EFC0FF9BF240FE
S3151C0044D0056182801DE1B716051C3716051C3715AC
S3151C0044E0051C41119386C61A1306C60D9305701F2B
S3151C0044F01305054106C6EF104026084182800111AE
S3151C00450006CE0DE1B716051C3716051C3715051CFE
S3151C0045109386C61A1306C6099305F01B1305054197
S3151C004520EF10A0232AC62EC4EF40205A3245A245BE
S3151C0045308347850289C993E747002304F502F240A5
S3151C00454005616F40205BED9BCDBF011106CE0DE1D1
S3151C004550B716051C3716051C3715051C9386C61A77
S3151C0045601306060B9305401D13050541EF10E01EAF
S3151C0045702AC6EF40805532450345850209810589C7
S3151C0045802AC6EF402057F2403245056182801DE164
S3151C004590B716051C3716051C3715051C41119386C5
S3151C0045A0C61A1306C6089305601B1305054106C6E5
S3151C0045B0EF10A01A084D82801DE1B716051C371690
S3151C0045C0051C3715051C41119386C61A1306860C45
S3151C0045D09305D01E1305054106C6EF100018484169
S3151C0045E08280411106C695313728051C1308489E42
S3151C0045F0832708008DE3B716051C3716051C3715CF
S3151C004600051C9386461E1306460293054011130588
S3151C0046100541EF108014B7070080B715051C3745F8
S3151C004620001C130848039107014781461306800C9A
S3151C0046309385C51E13058574EFE0DFD24DDDB240B0
S3151C00464041018280797106D622D40DE1B716051C6C
S3151C0046503716051C3715051C9386C61A1306460500
S3151C0046609305301813050541EF10200F3724051C40
S3151C0046701304449E1C402A88014595C7B6882EC83B
S3151C00468032CA42CC954663C4B6023AC6EFE09F9046
S3151C0046903247894781463A866303F500014608403E
S3151C0046A00C08EFC06FFEB2502254456182808146D1
S3151C0046B046860C083E85EFC05FCDF5B7011126CAAC
S3151C0046C0B724051C06CE22CC9384449EDC54984306
S3151C0046D009EB9858F2406244D8D49CD8D244056160
S3151C0046E08280DC47C0479043930544002E852EC626
S3151C0046F032C4EF4080391C5022858297834784023E
S3151C004700B2452246918BF9D31C4CB2976378F600BE
S3151C004710C8545CC000C8EF4060344DBF0147814699
S3151C0047208145228505375DF1B716051C3716051C14
S3151C0047303715051C9386461F130606129305E0398A
S3151C00474013050541EF106001397126DA52D4B724DE
S3151C004750051C371A051C56D206DE22DC4AD84ED654
S3151C0047609384449EA54A130A8A4ADC54984315CF5F
S3151C004770DC47014483A90700EFE0EF97EFF00FF247
S3151C0047809C5C2A896366F50288DC41C09C58904370
S3151C004790133616008840B3852941EFD00FA1EFF0E0
S3151C0047A04F9701EDEF40E07109A805448149E9B72F
S3151C0047B0313723AC2403EFF0CF95884001460C0813
S3151C0047C0EFC03FA05DD1C24763D60700F2456245E4
S3151C0047D0D2478297C247E3C207FE62445C4889C738
S3151C0047E013054400EF40602AEFF04FEB9C5C2A86D1
S3151C0047F06375F5002AC6D9353246C24790DCE3EE0E
S3151C004800FAFA8A07D2979C4382870146E36435F9F4
S3151C004810EFF02F90DC54DC47C04713054400EF40F3
S3151C004820C0268347840213F747001DCF0C4CCE8647
S3151C0048304A86CE952285853C1DC9014781464E86F2
S3151C00484081452285013505E5B716051C3716051C5D
S3151C0048509386461F1306C60E930520213715051C85
S3151C00486013050541EF00706FF99B2304F4021C50DD
S3151C0048702285829799B7834784020C4CD24693E7CC
S3151C00488017002304F402B6952285313CE30705F292
S3151C0048901C502285829783478402918BE38F07F0F5
S3151C0048A01C4C5246014781463E9681452285593B02
S3151C0048B0E31505F0B716051C3716051C9386461F0F
S3151C0048C0130646109305D03251BF83478402F99BC9
S3151C0048D02304F402DDB583478402D24593E717000F
S3151C0048E02304F4020CCC81EDB716051C3716051CE7
S3151C0048F09386C61F130646109305503485B7B28699
S3151C004900B29522854D3255BD8347840213F7270085
S3151C0049105DFF2285952855B54CD1828048518280F1
S3151C004920411122C406C626C29377F5002A8481C784
S3151C004930137405FF4104EFD01FFC03A7C11E938708
S3151C004940C11E19E73767051C13070701419B98C34E
S3151C0049501387011F144311663D163694637886002F
S3151C004960EFE03FFBEF40706E814409A8E3FA86FE38
S3151C004970844300C3B694EFE0DFF9EDD4B240224481
S3151C00498026859244410182801DC1B716051C371627
S3151C004990051C3715051C4111938606301306462F38
S3151C0049A0930510081305054106C6EF00105B8280AF
S3151C0049B023A8011E828003A5011F9167C117338599
S3091C0049C0A7408280E8
S3151C00500097D104009381012417610500130181BF08
S3151C00501017B5FFFF1305057F7310553097D2040093
S3151C0050209382423D17D304001303834923A0020035
S3151C0050309102E3ED62FE1705000013052579EF00CA
S3151C0050400076EF00100102454C000146EF40007C43
S3151C0050506F00A075828000000000000000000000A8
S3151C005060000000000000000000000000000000001E
S3151C005070000000000000000000000000000000000E
S3151C00508000000000000000000000000000000000FE
S3151C00509000000000000000000000000000000000EE
S3151C0050A000000000000000000000000000000000DE
S3151C0050B000000000000000000000000000000000CE
S3151C0050C000000000000000000000000000000000BE
S3151C0050D000000000000000000000000000000000AE
S3151C0050E0000000000000000000000000000000009E
S3151C0050F0000000000000000000000000000000008E
S3151C00510073900234F322203463C4021A93F2F23FE2
S3151C005110E11263C50200F11263CC020AF3220034C9
S3151C0051207310013417D104000321C18F130181F7B9
S3151C00513006C20EC612C816CA1ACC1ECE22D026D23B
S3151C0051402AD42ED632D836DA3ADC3EDEC2C0C6C2E5
S3151C005150CAC4CEC6D2C8D6CADACCDECEE2D0E6D215
S3151C005160EAD4EED6F2D8F6DAFADCFEDE7327103471
S3151C005170F32700303AC13EC3F392023416C4EF4003
S3151C00518060638A421A437390123473100330924040
S3151C005190B2414242D2426243F243025492542255D5
S3151C0051A0B2554256D2566257F25706489648264979
S3151C0051B0B649464AD64A664BF64B065C965C265D55
S3151C0051C0B65D465ED65E665FF65F22417300203092
S3151C0051D0914263C4A206970200009382E2000A056C
S3151C0051E0AA9282826F0080056F0000016F00600129
S3151C0051F06F00C0016F006002130500087330053094
S3151C00520025A0130500087320053039A83725000092
S3151C005210130505807320053001A8372500001305EA
S3151C00522005807330053009A0F32210349102739067
S3151C0052301234F32200347300203039A2F3220034D6
S3151C005240130181F706C20EC612C816CA1ACC1ECE88
S3151C00525022D026D22AD42ED632D836DA3ADC3EDEF4
S3151C005260C2C0C6C2CAC4CEC6D2C8D6CADACCDECE64
S3151C005270E2D0E6D2EAD4EED6F2D8F6DAFADCFEDED4
S3151C00528073271034F32700303AC13EC393024700FC
S3151C00529016C19302810816C417C40400032484642F
S3151C0052A0232024008A8417C104000321A17775A03A
S3151C0052B0F3220034130181F706C20EC612C816CAA1
S3151C0052C01ACC1ECE22D026D22AD42ED632D836DAE4
S3151C0052D03ADC3EDEC2C0C6C2CAC4CEC6D2C8D6CA14
S3151C0052E0DACCDECEE2D0E6D2EAD4EED6F2D8F6DAC4
S3151C0052F0FADCFEDE73271034F32700303AC13EC3B6
S3151C0053009302810816C417C404000324A45D232039
S3151C00531024008A8417C104000321C170F32320349E
S3151C00532093F3F33F1303700063986300EFD07F83FE
S3151C00533011C125A0268125A817C104000321816E51
S3151C005340EF404047268125A0F322203473231034D6
S3151C005350F323003073005010C5BFEFD0FFB717C43E
S3151C00536004000324245803210400EF30501F17C4E3
S3151C0053700400032424571A45EF40600217C4040096
S3151C005380032444562243232064008A421A43739002
S3151C0053901234731003309240B2414242D2426243ED
S3151C0053A0F243025492542255B2554256D256625773
S3151C0053B0F257064896482649B649464AD64A664B87
S3151C0053C0F64B065C965C265DB65D465ED65E665FF3
S3151C0053D0F65F22417300203013000000130000000A
S3151C0053E0130000001300000013000000130000004F
S3151C0053F0130000001300000013000000130000003F
S3151C0054007310013417C104000321C161130101008B
S3151C00541013018108130181F706C20EC612C816CAEB
S3151C0054201ACC1ECE22D026D22AD42ED632D836DA82
S3151C0054303ADC3EDEC2C0C6C2CAC4CEC6D2C8D6CAB2
S3151C005440DACCDECEE2D0E6D2EAD4EED6F2D8F6DA62
S3151C005450FADCFEDE73271034F32700303AC13EC354
S3151C005460F392023416C406C297C3040083A383476F
S3151C00547003A103001A45EF309072EF30500E97C30C
S3151C005480040083A3234603A1030097C3040083A33C
S3151C0054906345224323A06300B7120000938202884F
S3151C0054A073A042308A421A4373901234731003302D
S3151C0054B09240B2414242D2426243F2430254925457
S3151C0054C02255B2554256D2566257F257064896484E
S3151C0054D02649B649464AD64A664BF64B065C965C46
S3151C0054E0265DB65D465ED65E665FF65F8A402241E5
S3151C0054F0730020301300000013000000130000008E
S3151C005500930385F723A2030023A4A30023A6330039
S3151C00551023A8430023AA030023AC030023AE0300E5
S3151C00552023A0030223A2030223A4C30223A603026D
S3151C00553023A8030223AA030223AC030223AE0302FD
S3151C00554023A0030423A2030423A4030423A6030405
S3151C00555023A8030423AA030423AC030423AE0304D5
S3151C00556023A0030623A2030623A4030623A60306DD
S3151C00557023A8030623AA030623AC030623AE0306AD
S3151C00558023A0B30823A2D30893020000638702005A
S3151C005590F11323A00300FD12D5BF1E8582801300C4
S3151C0055A0000013000000130000001300000013008D
S3151C0055B0000013000000130000001300000013007D
S3151C0055C0000013000000130000001300000013006D
S3151C0055D0000013000000130000001300000013005D
S3151C0055E0000013000000130000001300000013004D
S3151C0055F0000013000000130000001300000001004F
S3151C00560017C10400032101428A421A4373901234C3
S3151C005610731003309240B2414242D2426243F2437B
S3151C005620025492542255B2554256D2566257F257DC
S3151C005630064896482649B649464AD64A664BF64B0C
S3151C005640065C965C265DB65D465ED65E665FF65F5C
S3151C005650224182801300000013000000130000008A
S3151C00566013000000130000001300000013000000CC
S3151C00567013000000130000001300000013000000BC
S3151C00568013000000130000001300000013000000AC
S3151C005690130000001300000013000000130000009C
S3151C0056A0130000001300000013000000130000008C
S3151C0056B0130000001300000013000000130000007C
S3151C0056C0130000001300000013000000130000006C
S3151C0056D0130000001300000013000000130000005C
S3151C0056E0130000001300000013000000130000004C
S3151C0056F0130000001300000013000000130000003C
S3151C00570083220500638202021303800893030300AD
S3151C00571063EC630063EA620033836240137303FF26
S3151C005720232065001A8511A0014582800000000017
S3151C0057300000000000000000000000000000000047
S3151C0057400000000000000000000000004111194587
S3151C00575006C6692B0545EF30B07983A7011A41119E
S3151C005760328806C6AA882E873686C847630D080067
S3151C005770B717051C93874740B715051CC686938526
S3151C00578045417520E1373718051C93070841130856
S3151C0057900841DDB74111B286014606C67D3FAA8582
S3151C0057A08146014601456F1020094111814522C4DD
S3151C0057B006C62A84EF10400E03A5C1195C5D91C371
S3151C0057C082972285EF30D0720111B7070000370788
S3151C0057D0000022CC1307070013840700198C26CA65
S3151C0057E04AC84EC606CE0984814413890700F1595E
S3151C0057F0631A94006244F240D2444249B24905619C
S3151C0058006FF05F85B38734038504CA9783A7C7FFE8
S3151C0058108297F9BF397136D6741006CE3AD83EDA5D
S3151C00582042DC46DE36C6E923F240216182803971AC
S3151C0058303EDA32D42E86AA8503A5011A36D6341032
S3151C00584006CE3AD842DC46DE36C65D23F2402161DE
S3151C0058508280411122C426C237040000B70400000E
S3151C00586093870400130404001D8C4AC006C60984D1
S3151C00587093840400014963198902B7040000EFF000
S3151C0058806FFD3704000093870400130404001D8C6D
S3151C0058900984938404000149631D8900B240224493
S3151C0058A092440249410182809C40050991048297D9
S3151C0058B0D9B79C40050991048297F9BF39713EDA24
S3151C0058C083A7011A32D436D62ED23AD842DC46DE0B
S3151C0058D08C4754102A863E8506CE36C6112BF240BE
S3151C0058E021618280397132D436D63AD83EDA42DC0E
S3151C0058F046DE2E860C45341006CE36C6D529F24019
S3151C00590021618280B3C7A5008D8B3307C50081E753
S3151C0059108D4763EFC700AA876369E500828083C64B
S3151C005920050085078505A38FD7FEE3EAE7FE82807F
S3151C00593093773500BDEBAA879376C7FF138606FEC1
S3151C00594063FCC70683A3050083A2450083AF8500BD
S3151C00595003AFC50083AE050103AE450103A3850154
S3151C00596083A8C501938545029387470203A8C5FFF3
S3151C00597023AE77FC23A057FE23A2F7FF23A4E7FF41
S3151C00598023A6D7FF23A8C7FF23AA67FE23AC17FFAE
S3151C00599023AE07FF75B783C6050085078505A38F4C
S3151C0059A0D7FE93F63700E5FA41BFAA87DDBF9041C3
S3151C0059B09107910523AEC7FEE3EBD7FEE3E7E7F6B7
S3151C0059C082803D482A876373C8029377F700BDEF30
S3151C0059D0ADE5937606FF3D8ABA960CC34CC30CC73D
S3151C0059E04CC74107E36BD7FE11E28280B306C84061
S3151C0059F08A069702000096966780A6002307B700C2
S3151C005A00A306B7002306B700A305B7002305B700F6
S3151C005A10A304B7002304B700A303B7002303B700EE
S3151C005A20A302B7002302B700A301B7002301B700E6
S3151C005A30A300B7002300B700828093F5F50F939659
S3151C005A408500D58D93960501D58D61B79396270054
S3151C005A509702000096968682E78086FA9680C11782
S3151C005A601D8F3E96E374C8F8A5B7397122DC2A84CB
S3151C005A702E852EC606DEE124B717051C93874744E0
S3151C005A803ED485473ED61C10B2453ECA89473ECCFD
S3151C005A901C5C2AD205052ED02ACE0C4491E7228501
S3151C005AA02EC6EF10E010B2458397C5001397270149
S3151C005AB0634B07008966F851D58F2396F500F97755
S3151C005AC0FD17F98FFCD150082285EF10A054FD5705
S3151C005AD011E1A947F25062543E8521618280AA8554
S3151C005AE003A5011A59B7411122C42E848C4126C222
S3151C005AF006C6AA8491C1C53FA2852244B24026850A
S3151C005B00924441016F10203783A7011A638FA7089F
S3151C005B107C45011122CC26CA4AC806CE4EC62A840A
S3151C005B2081441309000885EB2C4081C52285EF10A2
S3151C005B3080348325841495CD9304C414638B9502F9
S3151C005B4003A905002285EF100033CA85C5BFA6959B
S3151C005B508C4189E991046C44E39B24FF2285EF1058
S3151C005B608031D9B783A905002285EF10C030CE85B8
S3151C005B70CDB76C4881C52285EF10E02F1C5C99CFF0
S3151C005B805C5C228582978325042E89C92285624402
S3151C005B90F240D2444249B2490561B1B7F24062446F
S3151C005BA0D2444249B2490561828082800327C52DB1
S3151C005BB015EB41119305000822C406C62A84EF1072
S3151C005BC0701B232EA42CFD5709C9930705082320F7
S3151C005BD005001105E31DF5FE8147B24022443E85B2
S3151C005BE04101828081473E858280411126C206C6BC
S3151C005BF022C44AC07D47AA846376B700594718C198
S3151C005C007D5531A88327C52D32892E8499CF9315AE
S3151C005C10240003A4C42DA295884123A02501B240CB
S3151C005C202244924402494101828049376DD1C9BF41
S3151C005C30FD4763F6B700D9471CC17D558280832773
S3151C005C40C52D011122CC06CE2E862A8491C7139708
S3151C005C502500BA97984319EB228532C6F928AA85DE
S3151C005C60228562443246F24005614DA085460145B7
S3151C005C706308D700FD566319D700D9471CC00545D4
S3151C005C80F2406244056182802E8523A0070002979C
S3151C005C900145FDB7FD4763F4B7007D558280832718
S3151C005CA0C52D411122C426C206C6AA842E849DC7B0
S3151C005CB083A7C42D1317240005453E971C4395C383
S3151C005CC0FD560945638FD70085460D45638BD70066
S3151C005CD02285232007008297014521A0C13D69D951
S3151C005CE07D55B2402244924441018280AA8503A577
S3151C005CF0011A3DBF2E86AA8503A5011AFDB503A56B
S3151C005D00011A6DB5AA8503A5011A69B7411122C4EA
S3151C005D1026C2AA842E85B28506C623AC0126EF3080
S3151C005D20D01FFD576316F50083A7812791C39CC01E
S3151C005D30B24022449244410182806F30501DAA8792
S3151C005D40850703C7F7FF6DFF3385A7407D15828046
S3151C005D501C46797122D406D626D24AD04ECE52CCB7
S3151C005D6056CA5AC85EC662C4328485E3232206001C
S3151C005D700145B250225492540259F249624AD24AFF
S3151C005D80424BB24B224C45618280FC512E891397A3
S3151C005D902701635A070404422A8AFD5B1C4499E7BF
S3151C005DA001452324040023220400E1B783A94400EF
S3151C005DB003AB0400814A13DC290063CB8A011C4413
S3151C005DC093F9C9FFA104B389374123243401F9B7D8
S3151C005DD083250B004A865285EF00D079110B630789
S3151C005DE07501850AD9BFEF10E02265BF7D5555BFE9
S3151C005DF069712324811223202113232E3111232C74
S3151C005E0041112326111223229112232A51112328D0
S3151C005E106111232671112324811123229111232020
S3151C005E20A111EEDFAA892E84328A368909C51C5D2A
S3151C005E3099E3EF00F0578317C40013972701634BB0
S3151C005E40070089667850D58F2316F400F977FD175D
S3151C005E50F98F7CD08357C400A18BA5C31C48B1CF36
S3151C005E608357C4002947E98B6390E7068317E40030
S3151C005E7063CC0704CA865286A2854E85EF00D005E0
S3151C005E80AA8B8320C112032481125E8583244112AE
S3151C005E90032901128329C111032A8111832A411165
S3151C005EA0032B0111832BC110032C8110832C411051
S3151C005EB0032D0110FE5D55618280A2854E85EF0083
S3151C005EC0500A59DDFD5B75BF130BC104DAC082C4D1
S3151C005ED082C25A8702D202CE02D002D4814BD2840D
S3151C005EE09306500283C7040099C3639CD706B38AE2
S3151C005EF0444163880A02A6472320470123225701EF
S3151C005F00D697BEC496479D4621078507BEC263D950
S3151C005F10F6009000A2854E85253D631705765A87A7
S3151C005F20D69B83C70400638A0778138A1400A30DC3
S3151C005F300102FD54814A014D294C930CA002130801
S3151C005F40A005A54503460A00050A930606FE6364DA
S3151C005F50D866B717051C8A069387074DBE969442CA
S3151C005F608286850441B7B716051C9386864436D2AD
S3151C005F7093760D026382064E1D09137989FF8328C9
S3151C005F800900832C4900130C890093761D0081CED1
S3151C005F90B3E6980189CA93060003230ED102A30E09
S3151C005FA0C102136D2D00137DFDBFADA44E853AC8ED
S3151C005FB0EF10A04148412AD459332AD04E85EF1000
S3151C005FC0C0400845825742472ACEB5DB2DD98346A9
S3151C005FD00500B5D6136D0D409DB78346B103A5F2DA
S3151C005FE093060002A30DD10299BF136D1D0081BF3C
S3151C005FF0832A09001109E3D40AF4B30A5041136D2C
S3151C0060004D0035BF9306B002F1BF03460A00930646
S3151C0060101A0063189603832409001306490063D3E8
S3151C0060200400FD543289368A19BFB384840385065D
S3151C00603003C6F6FFAA94130506FDE3F8A5FE368AE9
S3151C00604029B78144CDBF136D0D08D5BDD286814AB3
S3151C006050B38A8A03130606FD8506B29A03C6F6FFA3
S3151C006060130506FDE3F6A5FED9BF03460A009306F3
S3151C00607080066316D600050A136D0D20C9B5136D6F
S3151C0060800D0475BD03460A009306C0066316D600AA
S3151C006090050A136D0D0265B5136D0D014DB58326ED
S3151C0060A00900130C4900A30D01022306D1088544DF
S3151C0060B0814C1309C10869A2136D0D0193760D025B
S3151C0060C0B9C61D09137989FF83280900832C490049
S3151C0060D0130C890063DE0C00B3081041B3361001A3
S3151C0060E033039041B30CD3409306D002A30DD102C7
S3151C0060F0FD566398D43863950C3EA54663E2163F5D
S3151C00610093880803A307110F1309F10ED9A69376DA
S3151C0061100D01130C490091C68328090093DCF84134
S3151C00612055BF93760D048328090089C6C20893D8E7
S3151C0061300841EDB793760D20F5D2E20893D8884135
S3151C006140F1BF13760D0283260900110919C693D7D0
S3151C006150FB4123A07601DCC259B313760D0101C69F
S3151C00616023A07601ADBB13760D0409C6DE872390EA
S3151C006170F600B5B393770D20E5D7DE872380F600AE
S3151C006180B9BB136D0D0193760D029DCE1D091379B6
S3151C00619089FF83280900832C4900130C8900137D71
S3151C0061A0FDBF8146A30D01027D56638FC42C6A86F2
S3151C0061B0B3E59801137DFDF76398052C6383043EB4
S3151C0061C005466396C62C2DBF93760D01130C49000C
S3151C0061D081C68328090031A093760D0489C683588D
S3151C0061E00900814C6DBF93760D20E5D683480900C6
S3151C0061F0CDBFE17693C60683231ED10283280900F0
S3151C006200B716051C9386C645130C4900814C136DA5
S3151C0062102D0036D2894679B7A30D0102FD56130C03
S3151C0062204900032909006388D41C268681454A85B2
S3151C0062303AC8EF101002814C424719C1B3042541DC
S3151C00624066CC63D39C0026CC8346B10381C6E24749
S3151C00625085073ECC937D2D0063850D00E24789079B
S3151C0062603ECC93774D083ED6A1E7E247B386FA406B
S3151C0062706350D004B717051CC1481388C7631D4358
S3151C006280164623200701A64505061305870063CC81
S3151C006290D83254C3AE96B6C4B2C29D462A8763D9B9
S3151C0062A0C6009000A2854E856534631F053C5A873F
S3151C0062B08346B1039DC61306B10310C30546964615
S3151C0062C050C326468506B6C20506B2C41D4621071E
S3151C0062D06359D6009000A2854E859D3C6316053AEF
S3151C0062E05A8763870D02701810C30946964650C319
S3151C0062F026468506B6C20906B2C41D462107635941
S3151C006300D6009000A2854E85A134631F05365A8798
S3151C006310B257930600086395D704E247B38DFA403B
S3151C0063206350B00541489D489646B717051C938790
S3151C006330C7641CC32646850693058700634EB82B87
S3151C0063402322B701B29DEEC4B6C21D462E876359E1
S3151C006350D6009000A2854E85E53A631705325A870A
S3151C006360B38C9C4063509005C14D1D489646B7178B
S3151C006370051C9387C7641CC32646850693058700A0
S3151C00638063C19D2B23229701B29CE6C4B6C21D464F
S3151C0063902E876359D6009000A2854E85553A631503
S3151C0063A0052E5A87A64644C323202701B694964633
S3151C0063B0A6C41D468506B6C221076359D6009000A1
S3151C0063C0A2854E8571326311052C5A8793774D0031
S3151C0063D0639C0726624763D3EA00BA8AA647D69B04
S3151C0063E099C79000A2854E85A532631F052882C2D7
S3151C0063F062895A87EDB44A853AC89132AA84814C7F
S3151C00640042473DBD136D0D0193760D0281CE1D09CC
S3151C006410137989FF83280900832C4900130C8900F2
S3151C006420854649B393760D01130C490081C6832812
S3151C006430090031A093760D0489C683580900814C46
S3151C006440C5B793760D20E5D683480900CDBFB71690
S3151C006450051C9386C64521BE93760D01130C490077
S3151C00646081C68328090031A093760D0489C68358FA
S3151C0064700900814C19BE93760D20E5D68348090088
S3151C006480CDBF6A8685462DB30546E386C6C6094634
S3151C0064906382C60E94199395DC0113F6780093D883
S3151C0064A0380013060603B3E8150193DC3C00A38FE2
S3151C0064B0C6FEB3E598011389F6FF8DE193751D00A1
S3151C0064C089C9930500036306B600A30FB9FE138999
S3151C0064D0E6FF9C19A68CB38427419DB3CA8665BF6B
S3151C0064E093770D40814D130E010F3ECC46852946F0
S3151C0064F08146E6851309FEFF3AC846C472CAEF20D8
S3151C006500801D524EE24713050503A30FAEFE850DF3
S3151C0065104247A248B1C3F24783C60700639EB6032F
S3151C0065209307F00F638AFD0263950C00A54763F57C
S3151C00653017038257A2553AC83309F9403E864A8545
S3151C00654046C4EF109030F247814D424783C6170070
S3151C006550A24899C285073ECE4685E68529468146D0
S3151C0065603AC8EF107061AE8CC98DAA884247B5D166
S3151C0065704A8EADBF1309010F925793F6F8007D1989
S3151C006580BE9683C6060093D848002300D90093966E
S3151C006590CC01B3E8160193DC4C00B3E69801E9FE86
S3151C0065A00DBF1309010F95F6058A05D69306000340
S3151C0065B0A307D10E91BE630206102306C108A30DC4
S3151C0065C001024A8CEDB4C10523221701AEC4B2C226
S3151C0065D06351C3029000A2854E851AC836CA42C6AC
S3151C0065E046C4EFF0EFF64243D2463248A24849ED84
S3151C0065F05A85C1162A8769B1410623220701B2C4EE
S3151C006600B6C263DDD8009000A2854E8542C646C43C
S3151C006610EFF00FF43248A24825E9DA85C11D2E8712
S3151C00662021B341062322B701B2C4B6C2635BD800AC
S3151C0066309000A2854E8542C6EFF08FF1324829E5BF
S3151C006640DA85C11C2E871DB3E247B384FA40E35397
S3151C00665090D8B717051CC14C1389C7639D4D964727
S3151C00666023202701A646850763C89C0244C3B6940B
S3151C006670A6C4BEC21D47E35FF7D49000A2854E8513
S3151C006680EFF00FEDE30805D48357C40093F7070416
S3151C006690638907FE6FF01F83C10623229701B6C4C8
S3151C0066A0BEC2210763D9FD009000A2854E85EFF07E
S3151C0066B02FEA79F95A87C1145DB7A647F1D790001E
S3151C0066C0A2854E85EFF0CFE8C1B7B2862E86AA8585
S3151C0066D003A5011A6FF0CFF183D7C500130101B8CA
S3151C0066E0232C8146F59B231AF100FC512E84232A68
S3151C0066F09146BED683D7E50023282147232E114673
S3151C006700231BF100DC4D2A8902D03ED2DC512C0021
S3151C0067103ED69C183EC43ECC930700403EC83ECE97
S3151C006720EFF00FEDAA84634705002C004A85BD26B1
S3151C00673011C1FD548357410193F7070499C7835729
S3151C006740C40093E707042316F4008320C1470324DF
S3151C00675081472685032901478324414713010148A4
S3151C0067608280411126C2AA8403A5011A22C406C628
S3151C0067702E8401C51C5D91E325290317C4009317BC
S3151C0067800701C18393F68700A1EE93F6070189EEF4
S3151C006790A5479CC0136707042316E4007D55B24029
S3151C0067A02244924441018280918B8DC70C5889C921
S3151C0067B0930704046384F5002685752D232804029B
S3151C0067C08357C4002322040093F7B7FD2316F40055
S3151C0067D01C481CC08357C40093E787002316F4008B
S3151C0067E01C4889EF8357C4001307002093F707281A
S3151C0067F06386E700A2852685EF00F04D8357C4000B
S3151C00680013F7170005C75C4823240400B307F040A0
S3151C0068101CCC1C480145C1F78317C40013F7070895
S3151C0068203DDF93E707042316F4008DBF898B0147D0
S3151C00683091E3584818C4F1BF03A7C1192A838327BB
S3151C006840871489E79307C7142324F714D8437D4874
S3151C0068507D556342E80493182700630903023385B8
S3151C00686017012324C50803A8871805463316E60016
S3151C0068703368C80023A407192324D5108946631737
S3151C006880D30083A6C718558E23A6C7180507D8C3D9
S3151C006890C6978CC70145828079714ECE83A9C119D2
S3151C0068A052CC56CA5AC806D622D426D24AD05EC65E
S3151C0068B0AA8A2E8A054B83A4891481C8C040130951
S3151C0068C0F4FF0A042694635D0900B25022549254C4
S3151C0068D00259F249624AD24A424BB24B4561828006
S3151C0068E063090A0083274410638547017D197114C7
S3151C0068F0D9BFD8405C407D176316270323A2240109
S3151C006900F5D783A6841833172B0183AB4400F98E65
S3151C00691089EE8297D84083A78914E31E77F9E3870B
S3151C006920F4FC51BF23220400E1BF83A6C4188325AF
S3151C0069304408758F01E756858297E9BF2E85829795
S3151C006940D1BF8397C500011122CC13970701418340
S3151C00695026CA06CE4AC84EC693768700AA842E84BB
S3151C006960E5EE056713070780D98FD8412396F500F6
S3151C006970634DE000D85D634AE0000145F240624485
S3151C006980D2444249B2490561828018547DD703A975
S3151C00699004009396370123A004004C4C63D50608CB
S3151C0069A030488357C400918B99C75C401D8E1C5878
S3151C0069B099C35C5C1D8E1C544C4C81462685829763
S3151C0069C0FD578356C400631DF5009C407547636FD5
S3151C0069D0F7063707402005073357F700058B3DC7D9
S3151C0069E0FD779387F77F1848F58FC207C18718C0B4
S3151C0069F02316F4002322040013973701635807005B
S3151C006A00FD576314F5009C4091E328C80C5823A03D
S3151C006A102401A5D5930704046384F5002685A129C2
S3151C006A202328040299BF0146854626850297FD57F1
S3151C006A302A86E318F5F69C40ADD775476385E700B3
S3151C006A4059476394E70423A0240105BF93E7060472
S3151C006A502316F4007D551DB783A90501E38F09F0A4
S3151C006A6003A905000D8B23A0350133093941814744
S3151C006A7011E3DC491CC4E35220F15C504C4CCA8621
S3151C006A804E86268582976347A0008357C40093E7EA
S3151C006A9007047DBFAA993309A940F1BF011122CC75
S3151C006AA006CE2A8411C51C5D81E72EC61122B2456D
S3151C006AB08397C50091C722856244F240056151B592
S3151C006AC0F2406244014505618280AA8509E903A555
S3151C006AD0C119B775001C9385C5A96F00F00703A5DE
S3151C006AE0011A6DBF01458280B785001C93858522DE
S3151C006AF06F009006411122C406C62A842316B500CF
S3151C006B002317C50023200500232205002324050086
S3151C006B102322050623280500232A0500232C05000D
S3151C006B20214681451305C505EFE0BFE9B787001C63
S3151C006B309387E7E61CD0B787001C938727EA5CD0AF
S3151C006B40B787001C938707EF1CD4B787001C938755
S3151C006B5067F240CC5CD4B24022444101828001459C
S3151C006B608280411126C2130680069384F5FFB384E6
S3151C006B70C4024AC02E8922C406C693854407EF0068
S3151C006B80701F2A8401CD23200500232225013105EF
S3151C006B9008C4138684068145EFE0BFE22285B24015
S3151C006BA02244924402494101828003A5C1192DBF8A
S3151C006BB01C5DA9E74111B777001C06C622C4938742
S3151C006BC087AE5CDD8D472322F52E9307C52E2A84BE
S3151C006BD02324F52E2320052E484101469145193FB5
S3151C006BE008440546A545393748440946C945193759
S3151C006BF085471CDCB24022444101828082804111BF
S3151C006C0026C283A4C1194AC006C69C5C22C42A8912
S3151C006C1099E32685713F9384042E8044DC40FD173E
S3151C006C2063D607009C4089CB8440C5BF0317C400AC
S3151C006C3005C713048406E5B791454A851D3788C0E8
S3151C006C4065F5B1472320F90001442285B240224450
S3151C006C509244024941018280C1778507232204069A
S3151C006C602320040023220400232404005CC42328BC
S3151C006C700400232A0400232C040021468145130505
S3151C006C80C405EFE01FD423280402232A040223226E
S3151C006C9004042324040455BF82808280828082805F
S3151C006CA003A5011AB775001C938545AEA9A503A5B6
S3151C006CB0011AB775001C9385E5B535AD797122D4DB
S3151C006CC026D252CC06D64AD04ECE56CA5AC82A8A84
S3151C006CD0AE843284EF0080768547631CF502938769
S3151C006CE0F4FF1307E00F6366F702A6872306F1007D
S3151C006CF085490149FD5A294B631039052685B25031
S3151C006D00225492540259F249624AD24A424B456174
S3151C006D1082809306C40526866C005285EF1020429D
S3151C006D20FD57AA89E317F5FC8357C40093E70704AC
S3151C006D302316F4007D55E1B77800B307270183C5F8
S3151C006D4007001C44FD171CC463D70700184C63CCF2
S3151C006D50E700638A65011C401387170018C023804F
S3151C006D60B700050951BF22865285EF100031E31A80
S3151C006D7055FFC9B78317C60013972701634A070037
S3151C006D8078528966D58F2316F6008967D98F7CD2EF
S3151C006D9035B7011122CC03A4011A26CA06CEAA8431
S3151C006DA02E8619C41C5C89E722852EC611353246EF
S3151C006DB022856244F240A685D244056165BF79717D
S3151C006DC04AD022D426D24ECE2EC606D6AA891389DE
S3151C006DD041D9EF20901B83278900B245C4438567A0
S3151C006DE01384F7FEF1980D8C269431807D143204A1
S3151C006DF0635DF4004E85EF2070190145B250225494
S3151C006E0092540259F2494561828081454E85EF10A4
S3151C006E10400383278900A697E31EF5FCB305804033
S3151C006E204E85EF100002FD576316F50281454E850F
S3151C006E30EF10200103278900BD46B307E540E3DBBD
S3151C006E40F6FA83A6411A93E717005CC3158D23A88F
S3151C006E50A11A4DB783278900818C93E41400C4C3FF
S3151C006E6083A7011B4E853384874023A8811AEF20F4
S3151C006E70F011054561B7638E0518411122C426C25F
S3151C006E802A84AE8406C6EF20501003A5C4FF938641
S3151C006E9084FF9377E5FF138841D9B385F600D84163
S3151C006EA003288800138641D9719B0589631FB80284
S3151C006EB0BA9709E903A784FF998E8C46BA97D846D8
S3151C006EC0D8C50CC713E71700D8C203A7811A14C666
S3151C006ED063E6E70083A5011E2285D535228522445B
S3151C006EE0B240924441016F20700AD8C1014805E1A5
S3151C006EF003A584FF9388C1D9898EAA978846630AFD
S3151C006F00150783A8C6002326150123A4A8003385CC
S3151C006F10E5004841058911EDBA979845631D08049B
S3151C006F201385C1D96319A70454CA14CAD8C698C6EE
S3151C006F30054813E71700D8C23387F6001CC3E31FA6
S3151C006F4008F81307F01F636CF7028D8393D527404F
S3151C006F5005473317B7004C4285078E07B2974D8FEE
S3151C006F6058C29843138687FFD0C698C694C354C785
S3151C006F70B5B7054869BFCC454CC798C55DBF93D509
S3151C006F8097001147636BB70213D767001307870374
S3151C006F90930517008E05B295138585FF8C416314E6
S3151C006FA0B506854709873397E7005C425D8F58C253
S3151C006FB0C8C68CC614C5D4C515B751476365B7007A
S3151C006FC01387B505F1B7130740056367B70013D7D9
S3151C006FD0C7001307E7066DBF130740156367B700A5
S3151C006FE013D7F7001307770765B713054055130723
S3151C006FF0E007E36FB5F813D727011307C70749BF87
S3151C0070008C456306B500D841719BE3EBE7FEC8458A
S3151C00701045B782801C4681E781473E85828083D79F
S3151C007020C5005D71A2C4CAC056DA86C6A6C24EDEAB
S3151C00703052DC5AD85ED662D466D26AD06ECEA18B8A
S3151C007040B28A2E842A89D9CF9C49C9CF8357C400BA
S3151C00705003AA0A0013F727006318070E858B6380A3
S3151C0070600716814B0145014B81496387092401EDB4
S3151C0070704E86A9455A85EF00D01D938B190001C574
S3151C0070800505B30B65415E8C63F379014E8C084094
S3151C0070901C48544863F9A7220444B69463D5842338
S3151C0070A0DA852686EF00901C1C40A2854A85A69789
S3151C0070B01CC0EFF0BF9E631C050EB38B9B400545A1
S3151C0070C063970B00A2854A85EFF05F9D6DE183A750
S3151C0070D08A00269BB3899940B384974023A49A00BF
S3151C0070E0C9F491A0A2854A85EFF0AFE7FD5739DDBB
S3151C0070F025A883290A0083244A00210AFDD8A686CE
S3151C00710063739B00DA865C504C4C4E864A8582978C
S3151C007110635FA00883A78A00AA99898C3385A74038
S3151C00712023A4AA0061FD8147B6402644964406491D
S3151C007130F259625AD25A425BB25B225C925C025D85
S3151C007140F24D3E8561618280370B00808149814406
S3151C007150134B0BC065B7032B0A0083244A00210A74
S3151C007160FDD80357C4001C44084093760720638847
S3151C007170060E63E9F40893760748C9C6832D4401B5
S3151C0071800C48B38DBC03B309B54093871900A69769
S3151C007190B3CDAD0363F3FD00BE8D1377074045C326
S3151C0071A0EE854A85C12E1DE5B1472320F90083577C
S3151C0071B0C40093E707042316F400FD57B5B7B70BB5
S3151C0071C0008013CCEBFF014B814493CBFBFF8D4C12
S3151C0071D0094D79B70C484E862AC6EFE0AFF2035725
S3151C0071E0C400B2471377F7B7136707082316E400E2
S3151C0071F01CC8232AB401CE97B38D3D411CC0232441
S3151C007200B401A687A68963F3F400A68708403E86C8
S3151C007210DA853EC6EF009005B24718441D8F18C488
S3151C0072201840BA971CC083A78A004E9BB38434416E
S3151C007230B389374123A43A01E39409F2EDB56E866E
S3151C0072404A85EF009006AA8745F50C484A852531E4
S3151C0072508357C40093F7F7F72316F400B1B7184801
S3151C0072606365A700544863F8D402BE8963F3F4002F
S3151C007270A6894E86DA85EF00607F1C441840B387CA
S3151C00728037414E971CC418C0D9FFA2854A85EFF01A
S3151C007290FF8051D929BFDE8763639C00A687B3C7CD
S3151C0072A0D70258504C4C5A864A85B386D702029749
S3151C0072B0AA89E34AA0F6E5BD032B0A0083294A00E6
S3151C0072C00145210A5DB3634BDC005C504C4C5A866D
S3151C0072D04A858297AA84E342A0DED1BD6286DA85FE
S3151C0072E0EF00C0781C44E284B38787411CC41C4051
S3151C0072F0E2971CC0D9B3797122D44AD052CC56CA53
S3151C00730006D626D24ECE1304052E0149054AFD5A31
S3151C00731019E8B25022544A8592540259F249624ADB
S3151C007320D24A45618280044483294400FD1963D4F2
S3151C00733009000040F1BF83D7C400637CFA00839721
S3151C007340E400638857012EC626858295B2453369AB
S3151C007350A90093848406D9BF797122D44AD052CC11
S3151C00736056CA5AC85EC606D626D24ECE2A8AAE8AB9
S3151C0073701304052E0149054BFD5B09ECB250225442
S3151C0073804A8592540259F249624AD24A424BB24B3E
S3151C00739045618280044483294400FD1963D4090095
S3151C0073A00040E1BF83D7C400637BFB008397E400E6
S3151C0073B063877701A6855285829A3369A9009384CF
S3151C0073C08406E1BF1305050F828083A7011AC85BDB
S3151C0073D019E1138581C21305050F828083A7011A43
S3151C0073E0C85B19E1138581C21305050F8280411103
S3151C0073F026C206C622C4B714051C0DCAB715051C21
S3151C0074009385454732853284EF00503205C19385FA
S3151C00741004472285EF00903111C9B715051C9385C9
S3151C00742005412285EF009030814719E19387044777
S3151C007430B240224492443E854101828083A7011AB0
S3151C007440DC5B99E3938781C203C58712828003257F
S3151C007450C50E828083A7011ADC5B99E3938781C2E0
S3151C00746003A5C70E82802E86AA8503A5011A41B7DD
S3151C0074701D71A6CAAE848395E500A2CC86CE328445
S3151C00748063DC050083D7C40023A0060093F7070816
S3151C00749095EB930700400DA8500836C6EF003062E6
S3151C0074A0B246E34105FE6247BD670565F98F7977EC
S3151C0074B0BA9793B717009CC2930700401CC01305CC
S3151C0074C0058029A0930700041CC00145F6406644AC
S3151C0074D0D6442561828083D7C500011122CC06CEF5
S3151C0074E026CA4AC8898B2E8489CF930734041CC0AC
S3151C0074F01CC885475CC8F2406244D24442490561B7
S3151C007500828074003000AA84A537A2452A89268564
S3151C007510952001ED8317C40013F7072069FFF19B23
S3151C00752093E727002316F400C9B7B777001C938787
S3151C00753087AEDCDC8357C40008C008C893E707087D
S3151C0075402316F400A2475CC8B24791CF8315E4000A
S3151C0075502685EF00B05901C98357C400F19B93E7F8
S3151C00756017002316F4008357C4003369F900231649
S3151C007570240151B7797106D622D426D24AD04ECED2
S3151C00758052CC56CA5AC85EC662C49387B5005947C0
S3151C0075906375F70293F487FF63D20402B1471CC1DB
S3151C0075A00145B250225492540259F249624AD24AB7
S3151C0075B0424BB24B224C45618280C144E3E0B4FE8F
S3151C0075C0AA89EF20801C9307701F138941D963EC8D
S3151C0075D09702138784004A974043930687FF93D7E5
S3151C0075E034006316D40040478907630C87045C404B
S3151C0075F058441444F19BA297D8C614C7D8431367A2
S3151C0076001700D8C3B5A813D794009307F00301CB72
S3151C007610914763EDE70693D7640093878703138727
S3151C00762017000E074A974043930587FF3D4563099C
S3151C007630B4005840719B33069740635CC508FD1720
S3151C007640850703240901930689009385C1D9630321
S3151C007650D40E58403D46719B330597406356A60889
S3151C00766093E714005CC033069400232AC900232820
S3151C007670C9009367150054C614C65CC2229708C37A
S3151C0076804E85EF20A0101305840021BFD14763E56A
S3151C007690E7009307B70561B79307400563E7E70063
S3151C0076A093D7C4009387E7069DBF9307401563E7EE
S3151C0076B0E70093D7F4009387770795B79306405551
S3151C0076C09307E007E3EDE6F493D724019387C707F6
S3151C0076D0B9B75444634806001C44D4C79CC6B307B8
S3151C0076E0E40029BF3684A1B7232AD9002328D90050
S3151C0076F06348050022975C4393E717005CC349B7B0
S3151C0077009306F01F0328490063EEE6100D831356FB
S3151C007710274085460507B396C6000E074A97B3E66B
S3151C00772006012322D9001443130687FF50C414C430
S3151C00773000C3C0C613D7274005433313E3000327F2
S3151C0077404900636C6704B376670099E6F19B0603F0
S3151C007750B37667009107E5DE3D4E93963700CA96D1
S3151C00776036883E850324C80063190415050513775E
S3151C0077703500210865FB13F7370063190718032723
S3151C00778049009347F3FFF98F2322F9000327490089
S3151C00779006036364670063180318832B890003A41C
S3151C0077A04B00937AC4FF63E79A0033879A40BD4720
S3151C0077B063C1E72403A4011E03A7411AFD5726949F
S3151C0077C06315F7164104A2854E85A52DFD572A8BF8
S3151C0077D06306F51CB3875B016374F50063902B1D70
S3151C0077E09386011B9842138C011B229798C26394A3
S3151C0077F06715939647016390061483278900569450
S3151C00780013641400C0C383270C0083A6C11D63F434
S3151C007810F60023AEF11C83A6811D63F1F61823AC7A
S3151C007820F11CADAA13569700914663ECC6029356FB
S3151C007830670093868603138616000E064A96130562
S3151C00784086FF10426315C50689860547B316D70001
S3151C007850B3E606012322D90048C410C400C540C69D
S3151C007860D1BDD14663E5C6009306B605E9B79306B6
S3151C007870400563E7C6009356C7009386E60665BFB8
S3151C0078809306401563E7C6009356F7009386760762
S3151C0078905DB7130540559306E007E36EC5F893568E
S3151C0078A027019386C60741BF10466306C50054428E
S3151C0078B0F19AE36BD7FE484645B758405044719B36
S3151C0078C0B308974063571E0393E714005CC01C441F
S3151C0078D0B30694002297D0C71CC6232AD900232896
S3151C0078E0D90093E71800CCC68CC6DCC2232017012E
S3151C0078F041BB63CB080022975C4393E717005CC32C
S3151C0079001C44D0C71CC6ADBB3284B9BD138786FFC9
S3151C0079109442FD17E381E6E695BD91070603B3760F
S3151C0079206700E5DE1DBDAA87DDBF8567BD073E94E2
S3151C007930FD777D8C49BD03A6411AFD56631FD606ED
S3151C00794023A2611B93757B0089C5A147B385B740EC
S3151C0079502E9B8567BE955A94FD177D8C338A854070
S3151C007960D2854E85F929FD576314F5005A85014ABF
S3151C00797083270C003305654123246901D2972A9A73
S3151C007980136A1A002320FC0023224B01E38D2BE7EC
S3151C0079903D47636A570385472322FB0083278900DB
S3151C0079A0DC43F19B3387974063E59700BD4763C271
S3151C0079B0E7044E85EF10905DE5B6B307FB40BA971A
S3151C0079C02320FC0041B783A74B0013844AFF619810
S3151C0079D0858BC18F23A2FB009546B3878B00D4C32E
S3151C0079E094C7E37287E293858B004E85EFF0AFC890
S3151C0079F019BD0324890093E714005CC0B3079400E7
S3151C007A002324F900EDBE83A7011ADC5B99E3938757
S3151C007A1081C203A3470E028385E141116C00014517
S3151C007A2011CA795581CA834706009CC103450600C5
S3151C007A303335A00041018280014519CA795589CA8E
S3151C007A40834706009CC1034506003335A00082808F
S3151C007A50828093F5F50F2A966314C5000145828032
S3151C007A6083470500E38DB7FE0505FDB73307C50043
S3151C007A7063E6A500AA876313F7028280B387C50055
S3151C007A801D8EE379F5FEB386C70091E28280FD1751
S3151C007A9083C607007D172300D700F5B7850583C667
S3151C007AA0F5FF8507A38FD7FEF9B7397122DC06DEF1
S3151C007AB02E8426DA4AD84ED652D456D25AD05ECE08
S3151C007AC062CCB28511EC6254F250D2544259B2596E
S3151C007AD0225A925A025BF24B624C21616FF09FA9AB
S3151C007AE0AA8A32C6EF10704AB2458326C4FFD9470C
S3151C007AF09389B500930B84FF13F9C6FF63F737030D
S3151C007B0013FB89FF63540B02B14723A0FA00014AF9
S3151C007B10F25062545285D2544259B259225A925A40
S3151C007B20025BF24B624C21618280414BE36EBBFCD3
S3151C007B30635E692F138741D91047B3872B01D8433E
S3151C007B40138C41D96308F6001375E7FF3E9548412F
S3151C007B50058959E5719BB309E900631CF6021305F7
S3151C007B600B0163C1A908DA9BB389694123247C01F3
S3151C007B7093E9190023A23B018329C4FF5685228A57
S3151C007B8093F91900B3E96901232E34FFEF10104055
S3151C007B9041B763C96905D8479C47D8C71CC703A703
S3151C007BA04B00B38669413D46058BB3873B01637128
S3151C007BB0D628B369EB0023A23B01B3856B0193E680
S3151C007BC01600D4C1D843A105568513671700D8C320
S3151C007BD0EFF06FAA5685EF10703B138A8B000DBF12
S3151C007BE001478147858A6396061A832484FFB384DA
S3151C007BF09B4003AA4400137ACAFF4A9A638207125F
S3151C007C00B30947016311F60A93070B0163CAF910FE
S3151C007C109844DC441306C9FF138A84005CC798C7C2
S3151C007C2013074002636DC706CD46D28763FCC600A8
S3151C007C301C409CC45C40DCC4ED4763EFC7022104B6
S3151C007C4093870401184098C35840D8C3184498C752
S3151C007C50B3876401B38969412324FC0093E91900A5
S3151C007C6023A23701DC40858BB3E9670123A23401CB
S3151C007C705685EF10B03169BD1C449CC85C44DCC8F9
S3151C007C806306E6004104938784016DBF1C486104AA
S3151C007C909CCC0327C4FF93870402D8CC65B7A28566
S3151C007CA05285E93375B763CD6907D8479C471306D8
S3151C007CB0C9FF13858400D8C71CC79844DC445CC71D
S3151C007CC098C79307400263EAC7044D47637CC70005
S3151C007CD0184098C45840D8C46D47636DC70021042A
S3151C007CE0138504011C401CC15C405CC11C441CC5A2
S3151C007CF0A68B75B5184498C85844D8C86306F600B0
S3151C007D00410413858401F9BF1C48138504026104D0
S3151C007D109CCC8327C4FFDCCCF1B7A285813BC9BFB1
S3151C007D2063496A07DC4498441306C9FF138584001B
S3151C007D305CC798C79307400263EAC7044D47637C38
S3151C007D40C700184098C45840D8C46D47636DC70017
S3151C007D502104138504011C401CC15C405CC11C44ED
S3151C007D601CC5D28971B7184498C85844D8C863062C
S3151C007D70F600410413858401F9BF1C4813850402CF
S3151C007D8061049CCC8327C4FFDCCCF1B7A285F939EE
S3151C007D90C9BF5685EFF00FFE2A8AE30B05EC832735
S3151C007DA0C4FF130785FFF99BDE976398E7008329B9
S3151C007DB0C5FF93F9C9FFCA99DDB31306C9FF93071B
S3151C007DC0400263E2C7064D47637CC704184018C1CE
S3151C007DD0584058C16D476361C70213078400930757
S3151C007DE08500144394C35443D4C3184798C7A2852B
S3151C007DF05685EFF04F88ADBD184418C5584458C574
S3151C007E006307F6001307040193070501D9BF1C4835
S3151C007E10130784011CC954489307850154C9D1B75B
S3151C007E20AA8722877DBFA2859131D1B7CA8985BB16
S3151C007E30B3E9E90023A23B01D84313671700D8C353
S3151C007E4051BB411122C426C2AA842E8506C623AC68
S3151C007E500126EF105011FD576316F50083A78127E5
S3151C007E6091C39CC0B240224492444101828041117C
S3151C007E7022C42E848395E50006C6F92163490500B4
S3151C007E803C48AA973CC8B240224441018280835791
S3151C007E90C4007D777D17F98F2316F400EDB70145D5
S3151C007EA0828083D7C500011122CC26CA4AC84EC679
S3151C007EB006CE93F70710AA842E843289B68991C7F9
S3151C007EC08395E5008946014681298357C4007D7741
S3151C007ED07D17F98F2316F4008315E4006244F240E3
S3151C007EE0CE864A86B24942492685D2440561F9ACFA
S3151C007EF0411122C42E848395E50006C63129FD57FF
S3151C007F000357C400631BF500FD77FD17F98F231675
S3151C007F10F400B2402244410182808567D98F231622
S3151C007F20F40028C8FDB78395E500C9AC3367B500D6
S3151C007F30FD530D8B79E7378E7F7F130EFEF71041AD
S3151C007F409441B372C6013363C601F292B3E2620076
S3151C007F506397720C6318D6065041D441B372C6019E
S3151C007F603363C601F292B3E262006398720A631B22
S3151C007F70D60410459445B372C6013363C601F2920A
S3151C007F80B3E262006391720A631ED6025045D44561
S3151C007F90B372C6013363C601F292B3E26200639AFE
S3151C007FA072086311D60210499449B372C601336331
S3151C007FB0C601F292B3E26200639372085105D105C1
S3151C007FC0E30FD6F61317060193970601631CF700F9
S3151C007FD01357060193D706013305F7409375F50F22
S3151C007FE091E982804183C1833305F7409375F50F70
S3151C007FF091E182801377F70F93F7F70F3305F7405C
S3151C00800082800346050083C60500050585056313A6
S3151C008010D60065FA3305D640828011059105E31218
S3151C008020D6FE014582802105A105E31CD6FC01452F
S3151C00803082803105B105E316D6FC014582804105D7
S3151C008040C105E310D6FC014582802A8711E2828095
S3151C008050850583C6F5FF930717001308F6FFA38F44
S3151C008060D7FE89E632976396E70082803E87428672
S3151C008070F1BF8507A38F07FEFDB7011122CC26CAC7
S3151C0080804AC806CE4EC62A89AE84328409C51C5DF2
S3151C00809099E3EFE0FFB11C4C1CC48357C400A18BB1
S3151C0080A0B5C31C48A5C38317C40093F9F40F93F4F6
S3151C0080B0F40F13972701635507061C4808401D8DAE
S3151C0080C05C486347F500A2854A85EFE03F9D21E1A8
S3151C0080D01C440505FD171CC41C401387170018C03B
S3151C0080E0238037015C486389A7008357C400858BAE
S3151C0080F085C3A947639EF400A2854A85EFE01F9AB3
S3151C00810001C931A0A2854A85EFE0AFE549DDFD54E2
S3151C008110F240624426854249D244B24905618280B6
S3151C0081200967D98F2316F4007C5079777D17F98F50
S3151C0081307CD061B72E86AA8503A5011A3DBF83A7ED
S3151C008140011A011122CC26CA06CE2A84B684DC5B0F
S3151C00815085E999E3938781C283A7070EA686014604
S3151C0081604C0022858297FD576317F50023A0040057
S3151C0081709307A0081CC0F2406244D2440561828069
S3151C00818099E3938781C283A7070EA686D9BFB286B9
S3151C0081902E86AA8503A5011A5DB783A7011ADC5B87
S3151C0081A099E3938781C203A3070E028391CD93079C
S3151C0081B0F00F63F7C7009307A0081CC17D5582808A
S3151C0081C02380C5000545828001458280411122C459
S3151C0081D026C2AA842E85B285368606C623AC0126FF
S3151C0081E0EF10C054FD576316F50083A7812791C372
S3151C0081F09CC0B2402244924441018280411122C457
S3151C00820026C2AA842E8506C623AC0126EF10004E74
S3151C008210FD576316F50083A7812791C39CC0B24006
S3151C0082202244924441018280411106C622C426C2C0
S3151C0082304AC089E90149B24022444A85924402490E
S3151C00824041018280AA842E8409C51C5D99E3EFE056
S3151C0082503F968317C400F9DFA2852685EFE06FEEF3
S3151C0082605C542A8999C74C4C268582976353050012
S3151C0082707D598357C40093F7070889C70C48268580
S3151C008280EFE07FBF0C5891C9930704046385F50082
S3151C0082902685EFE05FBE232804026C4091C5268527
S3151C0082A0EFE07FBD23220404EFE01F9F231604008A
S3151C0082B0EFE0BF9E49B7AA8503A5011AB5B74111C0
S3151C0082C022C426C2AA842E85B28506C623AC0126E4
S3151C0082D0EF106043FD576316F50083A7812791C3F2
S3151C0082E09CC0B2402244924441018280411122C466
S3151C0082F026C2AA842E8506C623AC0126EF10604131
S3151C008300FD576316F50083A7812791C39CC0B24015
S3151C0083102244924441018280411122C426C2AA846D
S3151C0083202E85B285368606C623AC0126EF10803F05
S3151C008330FD576316F50083A7812791C39CC0B240E5
S3151C0083402244924441018280411122C426C2AA843D
S3151C0083502E85B285368606C623AC0126EF10C03C98
S3151C008360FD576316F50083A7812791C39CC0B240B5
S3151C0083702244924441018280AE873288B6882A8381
S3151C008380639606203717051C1307077663FEC50A76
S3151C008390C1666374D60A9306F00FB3B6C6008E0682
S3151C0083A0B358D600469703470700BA961307000230
S3151C0083B0158F19CBB397E700B356D5003318E600D3
S3151C0083C0B3E5F6003313E50013550801B3D7A50230
S3151C0083D01316080141829356030133F7A502B30510
S3151C0083E0F6024207D98E3E8763FCB600C2961387F7
S3151C0083F0F7FF63E7060163F5B6001387E7FFC2962E
S3151C0084008D8EB3F7A602420313530301B3D6A602FD
S3151C008410C20733E36700B305D6023685637BB30018
S3151C00842042931385F6FF636603016374B3001385D9
S3151C008430E6FF4207498F81454DA8B7080001C14692
S3151C008440E36016F7E146A9BF01E6854633D8C602A6
S3151C008450C166637ED8089306F00F63F30601A14834
S3151C008460B356180136978346070013070002C696B3
S3151C008470158F49E7B387074185451356080193189D
S3151C008480080193D808019356030133F7C702B3D7E3
S3151C008490C7024207D98E3385F8023E8763FCA600C5
S3151C0084A0C2961387F7FF63E7060163F5A6001387D9
S3151C0084B0E7FFC296898EB3F7C60242031353030124
S3151C0084C0B3D6C602C20733E36700B388D802368523
S3151C0084D0637B130142931385F6FF63660301637482
S3151C0084E013011385E6FF4207498F3A858280B7063A
S3151C0084F00001C148E366D8F6E1489DB73318E80089
S3151C008500B3D5D7003313E500B356D5001355080170
S3151C008510B397E70033F7A502B3E8F60093170801F3
S3151C008520C18313D60801B3D5A5024207518FB38662
S3151C008530B7022E86637CD70042971386F5FF6367C6
S3151C00854007016375D7001386E5FF4297B306D7402C
S3151C00855033F7A602C20893D80801B3D6A60242076F
S3151C008560B385D702B3671701368763FCB700C2977A
S3151C0085701387F6FF63E7070163F5B7001387E6FF6A
S3151C008580C2978D8F93150601D98DC5BD63E2D5148F
S3151C008590416763FEE6021308F00F3337D8000E0757
S3151C0085A03718051C13080876B3D5E600C29503C810
S3151C0085B00500930500023A98B385054185E10547F8
S3151C0085C0E3E5F6F23335C5001347150039BFB70589
S3151C0085D000014147E3E6B6FC6147D9B733570601AC
S3151C0085E0B396B600D98E93DE060133D70701B3784E
S3151C0085F0D703B397B700335805013363F800939735
S3151C0086000601C183135803013316B6003357D7032B
S3151C008610C20833E80801338FE7023A8E637CE8010F
S3151C0086203698130EF7FF6367D8006375E801130EBF
S3151C008630E7FF36983308E841B378D8033358D80394
S3151C008640C208B38E070393170301C183B3E7F8006F
S3151C008650428763FCD701B6971307F8FF63E7D70079
S3151C00866063F5D7011307E8FFB697420EB387D741C8
S3151C008670C16E3367EE001388FEFF337307019358F0
S3151C0086800701337806014182330E0303338808033E
S3151C00869093560E013303C30242939A96B388C802BB
S3151C0086A063F30601F69813D60601B29863E0170326
S3151C0086B0E39317D9C167FD17FD8EC206337EFE00F4
S3151C0086C03315B500F2968145E371D5E27D17A5B346
S3151C0086D08145014719BDB2883687AA872E886398BB
S3151C0086E0061CB716051C9386067663F8C50A4163F5
S3151C0086F0637E66081303F00F6373C300214733536D
S3151C008700E6009A9603CE0600130300023A9E330334
S3151C008710C341630C0300B3956500335EC501B318F2
S3151C00872066003368BE00B317650013D6080133779D
S3151C008730C80213950801418193D607013358C80214
S3151C0087404207D98E3308050363F80601C69663E50E
S3151C008750160163F30601C696B386064133F7C602B5
S3151C008760C207C183B3D6C602B306D50213150701C9
S3151C008770C98F63F8D700C69763E5170163F3D70063
S3151C008780C697958F33D567008145828037030001D4
S3151C0087904147E36666F661479DB701E60546B35851
S3151C0087A01603416663F3C8081306F00F63731601BC
S3151C0087B0214733D6E800B29603CE06001303000207
S3151C0087C03A9E3303C34163190306B385154113D778
S3151C0087D0080113950801418113D60701B3F6E5027A
S3151C0087E0B3D5E502C206D18EB305B50263F8B60051
S3151C0087F0C69663E5160163F3B600C696B385B64006
S3151C008800B3F6E502C207C183B3D5E502B305B502CB
S3151C00881013950601C98F63F8B700C69763E5170160
S3151C00882063F3B700C6978D8FB1BF3706000141476A
S3151C008830E3E1C8F86147B5BFB398680033D7C501F3
S3151C008840B3176500335EC50113D50801B376A702BD
S3151C008850B3956500336EBE0093950801C18113560E
S3151C0088600E013357A702C206D18E3387E50263F881
S3151C008870E600C69663E5160163F3E600C6963386E4
S3151C008880E640B376A602420E135E0E013356A602CE
S3151C008890C2063386C502B3E5C60163F8C500C69594
S3151C0088A063E5150163F3C500C695918D0DB7E3EE1F
S3151C0088B0D5EC416763F5E604930EF00F33B7DE0083
S3151C0088C00E073713051CB3D8E600130303769A98D4
S3151C0088D083CE0800130E0002BA9E330EDE416317C8
S3151C0088E00E0263E4B6006369C500B307C540958DE7
S3151C0088F03335F5003388A5403E85C28579B5B70862
S3151C00890000014147E3EF16FB614765BF3357D601AC
S3151C008910B396C601D98EB357D50133D7D501B395B6
S3151C008920C501CD8F93D506013373B702139F06017C
S3151C008930135F0F0193D807013316C6013315C50102
S3151C0089403357B7024203B36813013308EF023A8365
S3151C00895063FC0801B6981303F7FF63E7D80063F5B9
S3151C00896008011303E7FFB698B3880841B3FFB802A2
S3151C008970B3D8B802C20FB3051F03139F0701135FB9
S3151C0089800F0133EFEF014687637CBF00369F1387C9
S3151C008990F8FF6367DF006375BF001387E8FF369F28
S3151C0089A04203C1683363E3009387F8FF135806013B
S3151C0089B0330FBF40B375F30013530301F18F338795
S3151C0089C0F502B307F302B385050333030303BE9510
S3151C0089D0135807012E986373F8004693C167FD1759
S3151C0089E0935508013378F80042087D8F9A95429773
S3151C0089F06366BF00631BBF006379E5003306C7408F
S3151C008A003337C700958D998D32873307E54033354B
S3151C008A10E500B305BF40898DB397D5013357C70110
S3151C008A2033E5E700B3D5C5018DB3930785007D57A4
S3151C008A305CC118C55CC51CC923200500828023287F
S3151C008A40050082805C419847DCC198C598474CC399
S3151C008A508CC71C4188C985071CC182809841FD565C
S3151C008A6093078500631ED7001C49D843D8C10CC781
S3151C008A709CC5CCC31C4188C985071CC18280B6878E
S3151C008A80D4439042E37DC7FECDB7544118451C49DB
S3151C008A9098C6184554C3D4436393A600D8C39843B9
S3151C008AA0232805007D1798C388438280B727051C99
S3151C008AB09387078E9853184301E77D57D8D3828036
S3151C008AC0985358475847384FD5BF4111054506C6D8
S3151C008AD0CD2EB727051C9387078E03A7870A01CBC4
S3151C008AE094439C4303A78609050723ACE608B240BA
S3151C008AF041018280B727051C9387078E03A7870A27
S3151C008B000DC398430327870909CF94439C4303A7A6
S3151C008B1086097D1723ACE60883A7870999E30945CF
S3151C008B204DA68280411122C43724051C06C626C2C6
S3151C008B301304048E8327041081E7EF00B052DDBFB7
S3151C008B4069378327040FC447138584053D3F832754
S3151C008B50C40AFD172326F40A83270410FD172320B5
S3151C008B60F410493F2685EF90BFC4E9B7011122CC0A
S3151C008B7006CE2A8409E5B727051C03A4078EB13740
S3151C008B808347C451094701456315F700230E04505A
S3151C008B9005452AC68537F240624432450561828006
S3151C008BA003A501287515133515008280011106CE03
S3151C008BB022CC26CA179304001303C3CE9793040032
S3151C008BC0938343E863577300232003001103E34D8B
S3151C008BD073FEB727051C138407A208C0138507A2BA
S3151C008BE0EFC01FB2630B05161C40BD8B8DC3B71699
S3151C008BF0051C3716051C9386062A130606239305A1
S3151C008C0010133715051C13050541EFC01FB5F327B7
S3151C008C1040F12322040097C2FFFF9382A24E739059
S3151C008C2052309387411EDC43AA841384411E95E36C
S3151C008C301385411EEF00901F635D0500B716051CCA
S3151C008C403716051C9386462C130646229305700878
S3151C008C504DBF1840914763FCE70E4840B755001CB2
S3151C008C6070009385050002C6EF007026635D050043
S3151C008C70B716051C3716051C9386462C130646226A
S3151C008C8093058009BDBFB246554681451385411ED5
S3151C008C90EF00007C635D0500B716051C3716051C26
S3151C008CA09386462C130646229305500A99BF4840C4
S3151C008CB070009385C12702C6EF007021635D050015
S3151C008CC0B716051C3716051C9386462C130646221A
S3151C008CD09305100B3DB7B246354685451385411E97
S3151C008CE0EF000077635D0500B716051C3716051CDB
S3151C008CF09386462C130646229305D00B19B748407B
S3151C008D0070009385012802C6EF00701C635D050088
S3151C008D10B716051C3716051C9386462C13064622C9
S3151C008D209305A00CF9BDB246454689451385411EDF
S3151C008D30EF000072635D0500B716051C3716051C8F
S3151C008D409386462C130646229305600D5DBD014590
S3151C008D50F2406244D244056182807D55D5BFB72757
S3151C008D60051C03A7078E83A7411E1385D7FF9305F2
S3151C008D704700B5423386A2400E0637231818130344
S3151C008D808381B703001873B0033A7330133A7330F8
S3151C008D90233A7330333A93820502170300001303F8
S3151C008DA0E300B303C300828383A302037390F33BE4
S3151C008DB003A3C2027310E33B83A382027390D33BCB
S3151C008DC003A342027310C33B83A302027390B33BFB
S3151C008DD003A3C2017310A33B83A382017390933B2D
S3151C008DE003A342017310833B83A302017390733B5D
S3151C008DF003A3C2007310633B83A382007390533B8F
S3151C008E0003A342007310433B83A302007390333BBE
S3151C008E100905135325008D43B383634092031385C1
S3151C008E200501970200009382C2009E928282032350
S3151C008E30C50083A3C5007330333A73A0333A0323AA
S3151C008E40850083A385007330233A73A0233A03233A
S3151C008E50450083A345007330133A73A0133A0323CA
S3151C008E60050083A305007330033A73A0033A0F1061
S3151C008E70000082808280011106CE02C6F327503084
S3151C008E803EC6B2478D8B8DC3B716051C3716051CFF
S3151C008E903715051C9386462D130646249305302745
S3151C008EA013050541EFC07F8BEF00500FEFC04FD568
S3151C008EB0F240014505618280411106C6EFC04FF4A0
S3151C008EC001A073000000828082800D4573000000A3
S3151C008ED0179504001305055F8D42232055008280DB
S3151C008EE08280179504001305E55D814223205500F9
S3151C008EF0114573000000828082801D71A2CC2A84D9
S3151C008F009387411EDC43A6CACEC6D2C4D6C2DAC0DB
S3151C008F1086CECAC85EDE62DC66DA6AD86ED602CE39
S3151C008F202E8BB289B6843A8A938A411E95E713859D
S3151C008F30411EED2D63520502B716051C3716051C7E
S3151C008F409386462C130686259305C02D3715051CBE
S3151C008F5013050541EFC07F80130640058145228518
S3151C008F60EFC03FA613098402631E0B0C03A54A001F
S3151C008F707008CE8502CEEF008075635D0500B716BE
S3151C008F80051C3716051C9386462C13068625930549
S3151C008F90D02E6DBFF2473707001303A54A001CD01D
S3151C008FA093178A015D8F1C40939524007008BA970D
S3151C008FB01CC01C48370700FFCE95BA971CC802CEAA
S3151C008FC03927635D0500B716051C3716051C9386E5
S3151C008FD0462C13068625930520308DBFF247136A4F
S3151C008FE0BA0083A60A005CD05C40F5161305F00F88
S3151C008FF03E9A5C48232244019387F70F5CC8954729
S3151C0090001387D7FF6361D702F6406644D6444649A8
S3151C009010B649264A964A064BF25B625CD25C425DB6
S3151C009020B25D2561828013F7C7FF232009001396C2
S3151C00903037002297B315C500104B110985072E96CC
S3151C00904010CB7DBFD9C003A54A007008CE8502CEC1
S3151C009050BD2D635D0500B716051C3716051C9386CA
S3151C009060462C1306862593057032CDB5F247370775
S3151C009070001303A54A001CD093178A015D8F1C4060
S3151C009080939524007008BA971CC01C48370700FF2C
S3151C009090CE95BA971CC802CE1D2D635D0500B7166A
S3151C0090A0051C3716051C9386462C13068625930528
S3151C0090B0C03369BDF24758405CD09367BA00BA9773
S3151C0090C05CC05C489387F70F5CC8936B0A01DA8C0B
S3151C0090D0154C014D930DF00F136A8A0083A70A00E5
S3151C0090E01307DCFF9386D7FF6368D7023D47E36D02
S3151C0090F0F7F0B147B307FD023E9B83274B00E38580
S3151C00910007F0B716051C3716051C9386462713064B
S3151C00911086259305E0381DBD83A64C0093542C0070
S3151C00912093193C00DDCE83A50C0003A54A007008EC
S3151C009130AE9636C602CE612BB246635D0500B716E7
S3151C009140051C3716051C9386462C13068625930587
S3151C0091501036EDBBF24713F6890102CE2320F90027
S3151C00916003A78C0093972400A2978C4333E7EB004C
S3151C0091703317C7002E9798C3984B3396CD0003A57B
S3151C0091804A003A9690CBB68570089123635D05001C
S3151C009190B716051C3716051C9386462C1306862502
S3151C0091A09305403765B3F247A11993F98901232228
S3151C0091B0F90093071C0003A78C00F19BA29794430C
S3151C0091C03367EA0033173701369798C3984BB39920
S3151C0091D03D01BA9923A83701050D2109B10C090CCB
S3151C0091E0F5BD8A0423200900A2949C48B3993D012D
S3151C0091F0BE9923A83401CDB7797126D222D44ECE7E
S3151C00920052CC56CA5AC806D64AD02A8A2E8B154420
S3151C0092109389411EBD4A540013063100A2854E8512
S3151C009220A301010002C2052E834731001309140055
S3151C009230E9E303A549003000D28502C4492903A5E8
S3151C00924049007000B3056A0102C65121B727051CE7
S3151C00925083A7078E1306D4FF0A0613874702A24666
S3151C0092603297324614C39385470050C31376C4FF06
S3151C00927013173400B388C500618B4D453318E500C0
S3151C00928003A508001373C9FF9A95429523A0A8004D
S3151C0092901315390061892D48B318A80003A80500C9
S3151C0092A0D1073E96469823A0050103280600930580
S3151C0092B0F00F3397E500429718C29A979843B395D7
S3151C0092C0A5004D46BA958CC31385411EA28549221D
S3151C0092D0B2462D46CA851385411E9D2A0545B250A8
S3151C0092E0225492540259F249624AD24A424B45616F
S3151C0092F082804A84E31159F30145D5B7797122D48A
S3151C00930026D24ECE52CC56CA06D64AD02A8A1544E6
S3151C009310B71A051CBD49A2851385CA2EEFC00FDAE4
S3151C00932074001306B100A2851385411EA305010016
S3151C00933002C61524B247130914008A07631CFA04D3
S3151C0093403715051C1305052FEFC04FD7B727051C6E
S3151C00935083A7078E1307D4FF0A0793874702BA977A
S3151C00936023A0070023A2070081460146A285138578
S3151C009370411EF92881460146CA851385411EC92806
S3151C0093800545B250225492540259F249624AD24AB5
S3151C009390456182804A84E31039F90145DDB7B7225D
S3151C0093A0000093820280B372550093D2B2001795C7
S3151C0093B00400130525112320550082808280F32288
S3151C0093C0003093F272FF1303801812039343F3FFCA
S3151C0093D0B3F272001303000099C21303031813633C
S3151C0093E083001203B3E76200BE866FC06F91854788
S3151C0093F06309F500411106C68921B24041016FF08F
S3151C0094005FAE8280411106C622C426C24AC02A8487
S3151C00941045232A892285EFB0AFD0A285AA84E93BD1
S3151C0094204A85F137B24022442685024992444101BD
S3151C0094308280411106C622C426C2AA84952B2A8480
S3151C00944026856D3D22852244B2409244410145B792
S3151C0094507DC91C4163FDF50EBD4763EDB70037178B
S3151C009460051C9397250013074731BA979C4382879F
S3151C0094707390063B9397350005478981E18B63837F
S3151C009480E508B5C50947638AE5080D476382E50A01
S3151C009490014582807390163BF1BF7390263BD9BF62
S3151C0094A07390363BC1BF7390463BE9B77390563BEE
S3151C0094B0D1B77390663B7DBF7390763B65BF739047
S3151C0094C0863B4DBF7390963B75B77390A63B5DB7B5
S3151C0094D07390B63B45B77390C63B69BF7390D63B3A
S3151C0094E051BF7390E63B79B77390F63B61B7130394
S3151C0094F0F00F3313F300B313F6007330033A73A063
S3151C009500033A79B71303F00F3313F300B313F600C2
S3151C0095107330133A73A0133AA5BF1303F00F33131A
S3151C009520F300B313F6007330233A73A0233A8DB7B6
S3151C0095301303F00F3313F300B313F6007330333AEF
S3151C00954073A0333AB1B7370500800505828037050D
S3151C00955000801505828079C171C2E9C21C4163F382
S3151C009560F50C93D725000547638FE70289CB09477E
S3151C009570638EE7020D47638EE702814719A0F32726
S3151C009580003A13973500B3D7E7002300F600BD4712
S3151C009590014563ECB708B717051C938747358A0541
S3151C0095A0BE959C418287F327103AE1BFF327203AE8
S3151C0095B0C9BFF327303AF1B7F327003B9CC20145DC
S3151C0095C08280F327103BDDBFF327203BC5BFF32763
S3151C0095D0303BEDB7F327403BD5B7F327503BF9BFDC
S3151C0095E0F327603BE1BFF327703BC9BFF327803BE2
S3151C0095F0F1B7F327903BD9B7F327A03BC1B7F327A5
S3151C009600B03B6DBFF327C03B55BFF327D03B7DB79F
S3151C009610F327E03B65B7F327F03B4DB737050080D2
S3151C00962005058280370500801505828049C9797138
S3151C00963022D426D24AD04ECE52CC06D6C1472A8434
S3151C0096401CC18144FD59054A414981460146A685EE
S3151C0096502285A305010002C6E53B634A05040346B1
S3151C009660B100FD56A68522854EC6DD336341050431
S3151C00967074001306B100A6852285F13D63490502D7
S3151C00968032479DE029C38147B356F700858A99CA9C
S3151C00969089073315FA00634C050048C08504E39618
S3151C0096A024FB29A08507CDB775FB04C00145B25024
S3151C0096B0225492540259F249624A45618280370506
S3151C0096C0008005058280370500801505CDB719C6B3
S3151C0096D033F5A50201E989810CC282803705008019
S3151C0096E00505828037050080110582807D558280A4
S3151C0096F0B70700805D8DB747101A9387070A88C382
S3151C0097007300501001A08967DCC1014582800545A4
S3151C00971082807D15133515008280594723ACE126BE
S3151C0097207D55828001458280014582807D15854755
S3151C009730B386C50063EAA7003707101D130547004B
S3151C009740639AD500328582801307800523ACE126F7
S3151C0097507D55828083070500898BEDFF850583C7B0
S3151C009760F5FF1CC3F1BF9387C11A9843B7A6051C06
S3151C009770938646323A956368D500314723ACE12679
S3151C0097807D573A85828088C3EDBF81A191A941117D
S3151C0097907D5506C6B120B2404101A1A861654111A3
S3151C0097A01305056A06C63928B240056513050580EA
S3151C0097B041010DA07D890A059387811F3E950323D0
S3151C0097C005000283B707102088C30D47A10798C35D
S3151C0097D001458280F32740305D8D731045308280B1
S3151C0097E0732740309347F5FF33F5E7007310453078
S3151C0097F082807365043082803707101B14438547AB
S3151C0098003395A700358D08C301458280411106C6D4
S3151C009810BD3F3715051C13054539EFC04FAC37A5A1
S3151C009820051C13050530EFF06FB819C17D55C935F8
S3151C0098302528B2400145410182804111094506C6D1
S3151C009840653FB2400545410145BF4111054506C668
S3151C009850EFF02FE73715051C13058539EFC02FA828
S3151C009860029001A082808280417101469145054586
S3151C0098702326111E2324811E2322911E2320211FF1
S3151C009880EF00D00123AAA11E63020512414E130646
S3151C009890600981451305A100EFC0AF92B727051CCF
S3151C0098A0938707503EC0B717051C9387C73B3EC21C
S3151C0098B0930700642314F100B727051C93870758E8
S3151C0098C03ECAB727051C13870750B727051C938765
S3151C0098D00758998F8544114481450A8526C83ACC78
S3151C0098E03ECE22D01D22130E0002130660098145AE
S3151C0098F01305A10AEFC0EF8CB747051C938707E831
S3151C0099003ED1B717051C9387073C3ED3B747051CAA
S3151C009910938707F03EDBB747051C138707E8B74755
S3151C009920051C938707F0998F130900408145081180
S3151C0099303ADD3EDF2314210B26D9A2C1F9201306DA
S3151C009940600981451305A114EFC0AF87B757051CE5
S3151C009950938707F02320F114B717051C9387473C00
S3151C0099602322F114B757051C93870700232AF114E9
S3151C009970B757051C138707F0B757051C93870700B5
S3151C009980998F232EF11493070002231421152328E3
S3151C0099909114232CE11423208116230EF11C130E83
S3151C0099A00003814588029520EF903FA401A000008A
S3151C0099B0011106CEEFF0CF9E85476306F5002AC639
S3151C0099C0EFF0AFD03245F24005618280797106D640
S3151C0099D022D426D22A842ECE32CC36CA3AC83EC6C9
S3151C0099E042C4F9372248B2474247D2466246F2453C
S3151C0099F0AA842285EF901F972A842685CD3A228534
S3151C009A00B2502254925445618280011106CE22CC5A
S3151C009A1026CA2A842EC6693FB245AA842285EF909F
S3151C009A20FFA62A842685E1322285F2406244D2446E
S3151C009A3005618280011106CE22CC26CA2EC6AA84B6
S3151C009A40853FB2452A842685EF809FDC22856244A9
S3151C009A50F240D244056161BA411106C622C426C22F
S3151C009A60AA84B9372A842685EF903FAC22852244E6
S3151C009A70B24092444101A5BA411106C622C426C26F
S3151C009A80AA843D372A842685EF90BFF72285224477
S3151C009A90B24092444101A1BA011106CE22CC26CA7B
S3151C009AA02EC6AA843137B2452A842685EF90FFFA42
S3151C009AB022856244F240D244056115BA411106C69C
S3151C009AC022C426C22A84ED35AA842285EFA0CFB1F2
S3151C009AD02A842685293A2285B24022449244410191
S3151C009AE08280411106C622C426C22A84D135AA8484
S3151C009AF02285EF905FAF2A842685EFF05F8F228543
S3151C009B00B2402244924441018280411106C622C4BD
S3151C009B1026C22A84713DAA842285EF905FAF2A84CF
S3151C009B202685EFF0DF8C2285B24022449244410107
S3151C009B308280011106CE22CC26CA2EC6AA8432C425
S3151C009B4036C2BD3592462246B2452A842685EF90FA
S3151C009B50BFFB22856244F240D24405616FF03F8907
S3151C009B60011106CE22CC26CA2EC6AA849135B24530
S3151C009B702A842685EF905FB322856244F240D24444
S3151C009B8005616FF0DF86411106C622C426C2AA846F
S3151C009B9005352A842685EF909FC022852244B24033
S3151C009BA0924441016FF0BF84411106C622C426C2ED
S3151C009BB0AA84FD3B2A842685EF90FFCA228522446F
S3151C009BC0B240924441016FF09F82011106CECD3303
S3151C009BD02AC6EF805FD23245F24005616FF03F81A5
S3151C009BE0411106C622C426C2E133AA84EF907FD255
S3151C009BF02A842685EFF0AFFF2285B2402244924488
S3151C009C0041018280411106C622C426C25533AA844C
S3151C009C10EFA0CFA82A842685EFF06FFD2285B240DF
S3151C009C202244924441018280411106C622C426C2A6
S3151C009C304133AA84EF80FFCD2A842685EFF02FFBC3
S3151C009C402285B2402244924441018280411106C6BB
S3151C009C5022C426C22A84A93BAA842285EF805FCC13
S3151C009C602A842685EFF0AFF82285B240224492441E
S3151C009C7041018280411106C622C426C22A840D3B9C
S3151C009C80AA842285EF90DFFA2A842685EFF02FF628
S3151C009C902285B2402244924441018280011106CEA3
S3151C009CA022CC26CA2A842EC632C419332246B24571
S3151C009CB0AA842285EFA0CF822A842685EFF02FF373
S3151C009CC02285F2406244D24405618280011106CE8F
S3151C009CD022CC26CA2A842EC632C436C2D139924612
S3151C009CE02246B245AA842285EFA04F9D2A8426854A
S3151C009CF0EFF0EFEF2285F2406244D2440561828088
S3151C009D00011106CE22CC26CA2A842EC632C436C2DD
S3151C009D10453192462246B245AA842285EFA0CFAC95
S3151C009D202A842685EFF0AFEC2285F2406244D244A9
S3151C009D3005618280011106CE22CC26CA2A842EC633
S3151C009D408539B245AA842285EFA0EFB42A842685DC
S3151C009D50EFF0EFE92285F2406244D244056182802D
S3151C009D60411106C622C426C22A849931AA84228598
S3151C009D70EFE0DFDF2A842685EFF06FE72285B2400D
S3151C009D802244924441018280011106CE22CC26CA6D
S3151C009D902A842EC63139B245AA842285EFA00FB774
S3151C009DA02A842685EFF0AFE42285F2406244D24431
S3151C009DB005618280411106C622C426C2AA84CD3EF4
S3151C009DC02A842685EFA0CFB822852244B24092442D
S3151C009DD041016FF0CFE1011106CE22CC26CA2A849E
S3151C009DE02EC6F936B245AA842285EFA00FBB2A845B
S3151C009DF02685EFF0CFDF2285F2406244D24405610E
S3151C009E008280411106C622C426C22A845536AA84DB
S3151C009E102285EF909FF82A842685EFF04FDD228558
S3151C009E20B2402244924441018280011106CE22CCCA
S3151C009E3026CA2A842EC632C436C29D3E9246224665
S3151C009E40B245AA842285EF702F842A842685EFF0DA
S3151C009E500FDA2285F2406244D244056182800111E8
S3151C009E6006CE22CC26CA2A842EC632C49136224657
S3151C009E70B245AA842285EF70CFB42A842685EFF0DA
S3151C009E800FD72285F2406244D244056182800111BB
S3151C009E9006CE22CC26CA2A842EC632C4113E22469F
S3151C009EA0B245AA842285EF702F962A842685EFF068
S3151C009EB00FD42285F2406244D2440561828001118E
S3151C009EC006CE22CC26CA2A842EC6DD34B245AA84E6
S3151C009ED02285EF700FF72A842685EFF04FD1228555
S3151C009EE0F2406244D24405618280411106C622C4F6
S3151C009EF026C22A84753CAA842285EF70EFC02A8468
S3151C009F002685EFF0CFCE2285B240224492444101F1
S3151C009F108280411106C622C426C22A84513CAA84C8
S3151C009F202285EF704FC22A842685EFF04FCC2285FE
S3151C009F30B2402244924441018280411106C622C489
S3151C009F4026C2AA84B5342A842685EF70FF9F2285F3
S3151C009F502244B240924441016FF06FC9411106C6BA
S3151C009F6022C426C22A84A934AA842285EF705FB92A
S3151C009F702A842685EFF0AFC72285B240224492443C
S3151C009F8041018280011106CE22CC26CA2A842EC605
S3151C009F900534B245AA842285EF70BFB92A8426856A
S3151C009FA0EFF0EFC42285F2406244D2440561828000
S3151C009FB0411106C622C426C22A84DD3AAA842285F9
S3151C009FC0EF70FF812A842685EFF06FC22285B2408E
S3151C009FD02244924441018280011106CE22CC26CA1B
S3151C009FE02A842EC6F132B245AA842285EF709F843C
S3151C009FF02A842685EFF0AFBF2285F2406244D24404
S3151C00A00005618280411106C622C426C22A844D32AD
S3151C00A010AA842285EF70BF872A842685EFF02FBD80
S3151C00A0202285B2402244924441018280011106CE0F
S3151C00A03022CC26CA2EC6AA84A53AB2452A842685CF
S3151C00A040EF70FF8A22856244F240D24405616FF0AC
S3151C00A0500FBA411106C622C426C2AA84913A2A8482
S3151C00A0602685EF709F8B22852244B2409244410183
S3151C00A0706FF0EFB7411106C622C426C22A840D3AD8
S3151C00A080AA842285EF70DF8F2A842685EFF02FB6EF
S3151C00A0902285B2402244924441018280011106CE9F
S3151C00A0A022CC26CA2A842EC632C419322246B2456E
S3151C00A0B0AA842285EF701F9E2A842685EFF02FB373
S3151C00A0C02285F2406244D24405618280011106CE8B
S3151C00A0D022CC26CA2A842EC6E138B245AA842285F9
S3151C00A0E0EF707F922A842685EFF06FB02285F240AE
S3151C00A0F06244D24405618280011106CE22CC26CA56
S3151C00A1002A842EC632C436C23AC05D3002479246F5
S3151C00A1102246B245AA842285EFA06F9D2A842685F5
S3151C00A120EFF0EFAC2285F2406244D2440561828096
S3151C00A130411106C622C426C22A849D38AA842285B9
S3151C00A140EFA04FA32A842685EFF06FAA2285B24082
S3151C00A1502244924441018280011106CE22CC26CA99
S3151C00A1602EC6AA84B130B2452A842685EFA06FA4D8
S3151C00A17022856244F240D24405616FF04FA741111B
S3151C00A18006C622C426C22A842530AA842285EFA0AC
S3151C00A1900FA62A842685EFF08FA52285B24022447D
S3151C00A1A0924441018280411106C622C426C209304E
S3151C00A1B0AA84EFA0EFA72A842685EFF04FA3228559
S3151C00A1C0B2402244924441018280011106CE22CC27
S3151C00A1D026CA2A842EC632C436C2EFF06FFD9246BA
S3151C00A1E02246B245AA842285EFA00FAA2A84268578
S3151C00A1F0EFF0EF9F2285F2406244D24405618280D3
S3151C00A200411106C622C426C22A84EFF06FFAAA841C
S3151C00A2102285EFA02FAC2A842685EFF04F9D228540
S3151C00A220B2402244924441018280011106CE22CCC6
S3151C00A23026CA2EC6AA84EFF0AFF7B2452A84268515
S3151C00A240EFA0EFAB22856244F240D24405616FF069
S3151C00A2500F9A411106C622C426C22A84EFF04FF576
S3151C00A260AA842285EFA06FAE2A842685EFF02F984C
S3151C00A2702285B2402244924441018280411106C685
S3151C00A28022C426C22A84EFF0AFF2AA842285EFA04C
S3151C00A2900FB02A842685EFF08F952285B240224482
S3151C00A2A0924441018280411106C622C426C22A84D8
S3151C00A2B0EFF00FF0AA842285EFA00FB02A84268522
S3151C00A2C0EFF0EF922285B2402244924441018280F3
S3151C00A2D0011106CE22CC26CA2A842EC632C436C208
S3151C00A2E03AC0EFF0EFEC024792462246B245AA84EA
S3151C00A2F02285EFA02FB52A842685EFF04F8F228565
S3151C00A300F2406244D24405618280411106C622C4D1
S3151C00A31026C2EFF0EFE9AA84EF608FDE2A84268539
S3151C00A320EFF0EF8C2285B240224492444101828098
S3151C00A330011106CE22CC26CA2A842EC632C436C2A7
S3151C00A3403AC0EFF0EFE6024792462246B245AA848F
S3151C00A3502285EF602FDD2A842685EFF04F89228522
S3151C00A360F2406244D24405618280011106CE22CCA1
S3151C00A37026CA2A842EC6EFF0AFE3B245AA842285EC
S3151C00A380EF60CFEE2A842685EFF06F862285F24099
S3151C00A3906244D24405618280011106CE22CC26CAB3
S3151C00A3A02A842EC6EFF0CFE0B245AA842285EF6040
S3151C00A3B0CFF32A842685EFF08F832285F2406244F0
S3151C00A3C0D24405618280011106CE22CC26CA2A847B
S3151C00A3D02EC632C436C2EFF0AFDD92462246B245D7
S3151C00A3E0AA842285EF606FFE2A842685EFF02F80D3
S3151C00A3F02285F2406244D24405618280411106C620
S3151C00A40022C426C2AA84EFF0AFDA2A842685EF601E
S3151C00A4103F8D22852244B240924441016FE03FFDAC
S3151C00A420011106CE22CC26CA2A842EC632C436C2B6
S3151C00A430EFF00FD892462246B245AA842285EF70C9
S3151C00A4407FC42A842685EFE09FFA2285F240624467
S3151C00A450D24405618280011106CE22CC26CA2A84EA
S3151C00A4602EC632C436C2EFF0AFD492462246B2454F
S3151C00A470AA842285EF707F8E2A842685EFE03FF71B
S3151C00A4802285F2406244D24405618280411106C68F
S3151C00A49022C426C22A84EFF0AFD1AA842285EF708B
S3151C00A4A0BFFF2A842685EFE09FF42285B240224412
S3151C00A4B0924441018280411106C622C426C2AA8446
S3151C00A4C0EFF00FCF2A842685EF701FA72285224422
S3151C00A4D0B240924441016FE09FF1411106C622C46D
S3151C00A4E026C22A84EFF0CFCCAA842285EF70BFDA6D
S3151C00A4F02A842685EFE0BFEF2285B240224492448F
S3151C00A50041018280411106C622C426C22A84EFF06C
S3151C00A5102FCAAA842285EF70FFA52A842685EFE020
S3151C00A5201FED2285B2402244924441018280411192
S3151C00A53006C622C426C22A84EFF08FC7AA842285A7
S3151C00A540EF707FA62A842685EFE07FEA2285B2403B
S3151C00A5502244924441018280411106C622C426C26D
S3151C00A5602A84EFF0EFC4AA842285EF70FFAD2A84FB
S3151C00A5702685EFE0DFE72285B24022449244410162
S3151C00A5808280411106C622C426C22A84EFF04FC21D
S3151C00A590AA842285EF705FD42A842685EFE03FE5E6
S3151C00A5A02285B2402244924441018280011106CE8A
S3151C00A5B022CC26CA2A842EC6EFF08FBFB245AA84A7
S3151C00A5C02285EF70FFD32A842685EFE05FE2228581
S3151C00A5D0F2406244D24405618280011106CE22CC2F
S3151C00A5E026CA2A842EC632C4EFF08FBC2246B24538
S3151C00A5F0AA842285EF70BFDD2A842685EFE03FDF23
S3111C00A6002285F2406244D244056182802F
S3151C050000784576656E7447726F757053796E6300A5
S3151C050010784576656E7447726F757057616974425B
S3151C05002069747300784576656E7447726F7570438F
S3151C0500306C656172426974730000000078457665CB
S3151C0500406E7447726F7570536574426974730000DC
S3151C050050764576656E7447726F757044656C657406
S3151C05006065000000784576656E7447726F7570007D
S3151C0500702820757842697473546F57616974466F85
S3151C0500807220262030786666303030303030554C3C
S3151C0500902029203D3D203000757842697473546FC4
S3151C0500A057616974466F7220213D2030000000009F
S3151C0500B02128202820785461736B4765745363681F
S3151C0500C06564756C657253746174652829203D3D9C
S3151C0500D0202820282042617365547970655F742039
S3151C0500E029203020292029202626202820785469D5
S3151C0500F0636B73546F5761697420213D2030202929
S3151C050100202900002820757842697473546F436C46
S3151C0501106561722026203078666630303030303086
S3151C050120554C2029203D3D2030000000282075789F
S3151C05013042697473546F536574202620307866663D
S3151C050140303030303030554C2029203D3D20300094
S3151C05015070785461736B7357616974696E67466F02
S3151C05016072426974732D3E784C697374456E642EA0
S3151C05017070784E65787420213D202820636F6E7338
S3151C05018074204C6973744974656D5F74202A202923
S3151C0501902026282070785461736B735761697469BE
S3151C0501A06E67466F72426974732D3E784C6973741B
S3151C0501B0456E64202900000078517565756547658F
S3151C0501C06E65726963526573657400007851756551
S3151C0501D0756547656E65726963437265617465000D
S3151C0501E07851756575654765744D75746578486F81
S3151C0501F06C64657246726F6D49535200785175650C
S3151C0502007565476976654D7574657852656375724E
S3151C05021073697665000000007851756575655461CE
S3151C0502206B654D757465785265637572736976650C
S3151C05023000000000785175657565437265617465C6
S3151C050240436F756E74696E6753656D6170686F7201
S3151C0502506500000078517565756547656E6572693B
S3151C0502606353656E64000000785175657565476551
S3151C0502706E6572696353656E6446726F6D4953523A
S3151C0502800000000078517565756547697665467287
S3151C0502906F6D495352000000785175657565526539
S3151C0502A063656976650000007851756575655365E6
S3151C0502B06D6170686F726554616B65007851756503
S3151C0502C075655065656B0000785175657565526574
S3151C0502D0636569766546726F6D4953520000000069
S3151C0502E07851756575655065656B46726F6D4953B5
S3151C0502F052000000757851756575654D657373619A
S3151C05030067657357616974696E6700007578517501
S3151C050310657565537061636573417661696C616268
S3151C0503206C650000757851756575654D65737361EA
S3151C05033067657357616974696E6746726F6D495354
S3151C0503405200000076517565756544656C65746566
S3151C050350000000007851756575654973517565759D
S3151C05036065456D70747946726F6D49535200000070
S3151C0503707851756575654973517565756546756CF1
S3151C0503806C46726F6D4953520000000070785175AA
S3151C05039065756500212820282070764974656D547D
S3151C0503A06F5175657565203D3D202828766F6964F6
S3151C0503B0202A2930292029202626202820707851F4
S3151C0503C0756575652D3E75784974656D53697A65D0
S3151C0503D020213D2028205542617365547970655F3F
S3151C0503E07420292030552029202900002128202861
S3151C0503F02078436F7079506F736974696F6E203DF1
S3151C0504003D202820282042617365547970655F74E8
S3151C05041020292032202920292026262028207078CC
S3151C05042051756575652D3E75784C656E67746820C6
S3151C050430213D203120292029000000002820707824
S3151C05044051756575652029002128202820282070CE
S3151C050450764275666665722029203D3D20282876DC
S3151C0504606F6964202A293029202920262620282040
S3151C05047028207078517565756520292D3E75784936
S3151C05048074656D53697A6520213D20282055426186
S3151C0504907365547970655F74202920305520292091
S3151C0504A0290000002128202820707642756666657D
S3151C0504B072203D3D202828766F6964202A2930291B
S3151C0504C02029202626202820707851756575652DCE
S3151C0504D03E75784974656D53697A6520213D2028DA
S3151C0504E0205542617365547970655F7420292030E7
S3151C0504F05520292029000000707851756575652DD4
S3151C0505003E75784974656D53697A6520213D2030A1
S3151C0505100000000078517565756500007078517589
S3151C0505206575652D3E75784974656D53697A6520C3
S3151C0505303D3D2030000000002128202820707851E0
S3151C050540756575652D3E706348656164203D3D2066
S3151C0505502828766F6964202A2930292029202626F1
S3151C050560202820707851756575652D3E752E785336
S3151C050570656D6170686F72652E784D757465784802
S3151C0505806F6C64657220213D202828766F6964206E
S3151C0505902A293029202920290000000078496E685F
S3151C0505A065726974616E63654F63637572726564A2
S3151C0505B0203D3D20282028204261736554797065AD
S3151C0505C05F74202920302029000000007853656DB2
S3151C0505D06170686F7265000070784D75746578007A
S3151C0505E0757851756575654C656E677468203E2012
S3151C0505F028205542617365547970655F74202920DE
S3151C0506003000000075784D6178436F756E74202136
S3151C0506103D2030007578496E697469616C436F7548
S3151C0506206E74203C3D2075784D6178436F756E74EC
S3151C050630000000007853747265616D4275666665C7
S3151C0506407247656E65726963437265617465000000
S3151C0506507653747265616D42756666657244656C22
S3151C050660657465007853747265616D427566666559
S3151C05067072526573657400007853747265616D42B8
S3151C0506807566666572536574547269676765724CDF
S3151C0506906576656C000000007853747265616D4261
S3151C0506A07566666572537061636573417661696CBF
S3151C0506B061626C65000000007853747265616D4259
S3151C0506C075666665724279746573417661696C6196
S3151C0506D0626C65007853747265616D4275666665F4
S3151C0506E07253656E640000007853747265616D42C1
S3151C0506F0756666657253656E6446726F6D495352AF
S3151C050700000000007853747265616D4275666665F6
S3151C05071072526563656976650000000078537472CC
S3151C05072065616D4275666665724E6578744D657351
S3151C050730736167654C656E67746842797465730089
S3151C0507407853747265616D4275666665725265632A
S3151C0507506569766546726F6D495352007853747296
S3151C05076065616D4275666665724973456D7074790A
S3151C050770000000007853747265616D427566666586
S3151C05078072497346756C6C007853747265616D425B
S3151C050790756666657253656E64436F6D706C6574BC
S3151C0507A0656446726F6D4953520000007853747226
S3151C0507B065616D42756666657252656365697665C2
S3151C0507C0436F6D706C6574656446726F6D495352E3
S3151C0507D000000000707276577269746542797465FB
S3151C0507E073546F42756666657200000070727652A8
S3151C0507F0656164427974657346726F6D427566668A
S3151C05080065720000707276496E697469616C6973EC
S3151C050810654E657753747265616D4275666665725C
S3151C0508200000000078436F756E74203E20282073E7
S3151C050830697A655F74202920300000002820784ECF
S3151C05084065787448656164202B20784669727374D3
S3151C0508504C656E6774682029203C3D20707853745E
S3151C0508607265616D4275666665722D3E784C656E60
S3151C05087067746800282078436F756E74202D207860
S3151C05088046697273744C656E6774682029203C3DF5
S3151C05089020707853747265616D4275666665722D36
S3151C0508A03E784C656E677468000000007846697270
S3151C0508B073744C656E677468203C3D20784D617871
S3151C0508C0436F756E740000002820784E6578745445
S3151C0508D061696C202B207846697273744C656E674A
S3151C0508E074682029203C3D20707853747265616DAF
S3151C0508F04275666665722D3E784C656E6774680032
S3151C05090078436F756E74203C3D20784D6178436F36
S3151C050910756E74006D656D736574282070756342FC
S3151C05092075666665722C202820696E7420292078C8
S3151C050930577269746556616C75652C2078427566A7
S3151C05094066657253697A6542797465732029203DFB
S3151C0509503D207075634275666665720070765278C1
S3151C0509604461746100000000707853747265616D92
S3151C0509704275666665720000707853747265616DA2
S3151C0509804275666665722D3E785461736B5761694F
S3151C05099074696E67546F52656365697665203D3D5E
S3151C0509A0202828766F6964202A2930290000000032
S3151C0509B07076547844617461000000007852657144
S3151C0509C075697265645370616365203E2078446160
S3151C0509D074614C656E6774684279746573000000B2
S3151C0509E0707853747265616D4275666665722D3EC7
S3151C0509F0785461736B57616974696E67546F536577
S3151C050A006E64203D3D202828766F6964202A29308E
S3151C050A10290000007842756666657253697A6542D7
S3151C050A2079746573203E20282073697A656F66285C
S3151C050A302073697A655F74202920290078427566BA
S3151C050A4066657253697A654279746573203E2030F2
S3151C050A500000000078547269676765724C65766597
S3151C050A606C4279746573203C3D20784275666665D3
S3151C050A707253697A65427974657300007842797494
S3151C050A806573417661696C61626C65203D3D2030FC
S3151C050A9000000000785461736B437265617465527E
S3151C050AA065737472696374656400000076546173BA
S3151C050AB06B44656C65746500765461736B44656C33
S3151C050AC06179556E74696C00765461736B44656CFB
S3151C050AD061790000655461736B4765745374617461
S3151C050AE065000000765461736B5072696F72697488
S3151C050AF07953657400000000765461736B537573E6
S3151C050B0070656E64000000007072765461736B49E3
S3151C050B10735461736B53757370656E6465640000FD
S3151C050B20765461736B526573756D65007854617384
S3151C050B306B526573756D6546726F6D495352000030
S3151C050B40765461736B53746172745363686564750B
S3151C050B506C657200785461736B526573756D65416E
S3151C050B606C6C000070635461736B4765744E616DE4
S3151C050B7065000000785461736B47657448616E6443
S3151C050B806C650000785461736B43617463685570BA
S3151C050B905469636B73000000785461736B41626F13
S3151C050BA0727444656C617900785461736B496E6324
S3151C050BB072656D656E745469636B0000765461735A
S3151C050BC06B537769746368436F6E7465787400003C
S3151C050BD0765461736B506C6163654F6E4576656EB5
S3151C050BE0744C697374000000765461736B506C61A8
S3151C050BF063654F6E556E6F72646572656445766581
S3151C050C006E744C6973740000765461736B506C6119
S3151C050C1063654F6E4576656E744C69737452657360
S3151C050C207472696374656400785461736B52656D7F
S3151C050C306F766546726F6D4576656E744C69737411
S3151C050C4000000000765461736B52656D6F766546C0
S3151C050C50726F6D556E6F7264657265644576656EE9
S3151C050C60744C697374000000765461736B53657418
S3151C050C7054696D654F757453746174650000000085
S3151C050C80785461736B436865636B466F7254696D03
S3151C050C90654F75740000000070727644656C65744A
S3151C050CA06554434200000000785461736B507269A9
S3151C050CB06F72697479446973696E686572697400C3
S3151C050CC0765461736B5072696F7269747944697372
S3151C050CD0696E6865726974416674657254696D6579
S3151C050CE06F757400785461736B47656E65726963BD
S3151C050CF04E6F746966790000785461736B47656E2F
S3151C050D00657269634E6F7469667946726F6D495370
S3151C050D1052000000765461736B4E6F746966794791
S3151C050D2069766546726F6D49535200007854617336
S3151C050D306B00000070785443422D3E7563537461F5
S3151C050D40746963616C6C79416C6C6F636174656401
S3151C050D50203D3D202820282075696E74385F742037
S3151C050D602920322029000000785461736B546F5278
S3151C050D706573756D6500000070785443420000006C
S3151C050D80785461736B546F4E6F74696679000000F5
S3151C050D9070785443422D3E756C4E6F746966696551
S3151C050DA06456616C7565203D3D207E30554C0000B2
S3151C050DB02820282026282070785443422D3E784525
S3151C050DC076656E744C6973744974656D2029202982
S3151C050DD02D3E7076436F6E7461696E65722029208F
S3151C050DE03D3D202828766F6964202A293029000074
S3151C050DF02820282028202820707844656C61796570
S3151C050E00645461736B4C69737420292D3E75784E39
S3151C050E10756D6265724F664974656D73203D3D201F
S3151C050E2028205542617365547970655F74202920A5
S3151C050E30302029203F2028202820426173655479BB
S3151C050E4070655F74202920312029203A2028202806
S3151C050E502042617365547970655F742029203020A2
S3151C050E60292029202900000070784576656E744C6A
S3151C050E706973740075785363686564756C6572531C
S3151C050E80757370656E64656420213D203000000015
S3151C050E907078556E626C6F636B65645443420000D3
S3151C050EA075785363686564756C657253757370657F
S3151C050EB06E64656420213D202820282042617365C7
S3151C050EC0547970655F7420292030202900000000A4
S3151C050ED07578546F705072696F7269747900000069
S3151C050EE07078544342203D3D207078437572726577
S3151C050EF06E7454434200000070785443422D3E756F
S3151C050F00784D75746578657348656C6400000000DA
S3151C050F10707854434220213D207078437572726562
S3151C050F206E7454434200000049444C4500000000C1
S3151C050F307852657475726E20213D2028202D31202E
S3151C050F402900000070785461736B446566696E6987
S3151C050F5074696F6E2D3E707578537461636B42753B
S3151C050F60666665720000000075785363686564756E
S3151C050F706C657253757370656E646564203D3D20A2
S3151C050F8030000000282075784E65775072696F729F
S3151C050F90697479203C202820352029202900000049
S3151C050FA075785363686564756C657253757370657E
S3151C050FB06E64656400000000707850726576696F12
S3151C050FC0757357616B6554696D65000028207854E7
S3151C050FD0696D65496E6372656D656E74203E20305C
S3151C050FE0552029007374726C656E282070634E61DA
S3151C050FF06D65546F51756572792029203C20282012
S3151C0510003136202900000000707854696D654F75CE
S3151C0510107400000070785469636B73546F5761696B
S3151C051020740000007854696D657243726561746558
S3151C05103054696D65725461736B0000007072764954
S3151C0510406E697469616C6973654E657754696D65FE
S3151C051050720000007854696D657247656E65726924
S3151C05106063436F6D6D616E64000000007854696D95
S3151C051070657247657454696D65724461656D6F6EFD
S3151C0510805461736B48616E646C6500007854696DB8
S3151C0510906572476574506572696F64007654696D2F
S3151C0510A0657253657452656C6F61644D6F6465003A
S3151C0510B0757854696D657247657452656C6F6164A4
S3151C0510C04D6F6465000000007854696D657247654F
S3151C0510D07445787069727954696D650070635469D5
S3151C0510E06D65724765744E616D650000707276504C
S3151C0510F0726F636573734578706972656454696D3F
S3151C0511006572000070727650726F636573735265F3
S3151C051110636569766564436F6D6D616E6473000006
S3151C05112070727653776974636854696D65724C6918
S3151C051130737473007854696D6572497354696D656A
S3151C0511407241637469766500707654696D6572477C
S3151C051150657454696D657249440000007654696D61
S3151C051160657253657454696D6572494400000000C7
S3151C0511707854696D657250656E6446756E637469DF
S3151C0511806F6E43616C6C0000546D7251000000005B
S3151C05119028207854696D6572506572696F64496E4D
S3151C0511A05469636B73203E20302029007854696D81
S3151C0511B06572000028207854696D65725461736BDD
S3151C0511C048616E646C6520213D202828766F69640C
S3151C0511D0202A2930292029007854696D6572517594
S3151C0511E0657565007852657475726E00546D72204E
S3151C0511F05376630078526573756C74002820707875
S3151C05120054696D65722D3E7854696D6572506572AB
S3151C051210696F64496E5469636B73203E20302029BF
S3151C051220000000007072765365747570504D500041
S3151C05123078506F72744672656552544F53496E6980
S3151C0512407400000078506F72745374617274536322
S3151C051250686564756C65720076506F727453746F2D
S3151C05126072655461736B4D505553657474696E671D
S3151C0512707300000078526567696F6E735B206C4955
S3151C0512806E646578205D2E756C4C656E6774684951
S3151C0512906E4279746573203D3D2030554C00000027
S3151C0512A0282078495352537461636B546F702026FA
S3151C0512B020282030783030306620292029203D3DD5
S3151C0512C02030000030203C3D206C526573756C74D3
S3151C0512D00000000028206D74766563202620307872
S3151C0512E03033554C2029203D3D203000256C780097
S3151C0512F05300000076506F727446726565000000D7
S3151C0513007076203D3D202828766F6964202A293071
S3151C051310290000007094001C9494001C9A94001CCF
S3151C051320A094001CA694001CAC94001CB294001C32
S3151C051330B894001CBE94001CC494001CCA94001CC2
S3151C051340D094001CD694001CDC94001CE294001C52
S3151C051350E894001CB895001CC295001CC895001C79
S3151C051360CE95001CD495001CDA95001CE095001C36
S3151C051370E695001CEC95001CF295001CF895001CC6
S3151C051380FE95001C0496001C0A96001C1096001C53
S3151C0513901696001C710000006572726F723A206108
S3151C0513A070706C69636174696F6E206D616C6C6FAE
S3151C0513B063206661696C6564000000005258000074
S3151C0513C0545800004C454400707276517565756518
S3151C0513D053656E645461736B000000007852657426
S3151C0513E075726E6564203D3D2028202820282042E4
S3151C0513F0617365547970655F742029203120292015
S3151C051400290000002C2066756E6374696F6E3A2080
S3151C05141000000000617373657274696F6E20222566
S3151C0514207322206661696C65643A2066696C652061
S3151C051430222573222C206C696E652025642573254F
S3151C051440730A00000A000000303132333435363752
S3151C0514503839414243444546000000003031323399
S3151C05146034353637383961626364656600000000B9
S3151C05147043000000504F5349580000002E00000041
S3151C051480CC29001CB629001CC229001CBC29001C21
S3151C051490E029001C3A3F001C243F001C303F001C61
S3151C0514A02A3F001C543F001C7648001C7648001C2D
S3151C0514B07648001CCA48001CD648001C0849001C56
S3151C0514C07648001C7648001CCA48001CD648001CD9
S3151C0514D0DA5F001CB665001CB665001CEA5F001CBD
S3151C0514E0B665001CB665001CB665001CAC5F001C09
S3151C0514F0B665001CB665001CF05F001C0460001C6C
S3151C051500B665001CFE5F001C0A60001CB665001C47
S3151C0515104660001C4C60001C4C60001C4C60001C8A
S3151C0515204C60001C4C60001C4C60001C4C60001C74
S3151C0515304C60001C4C60001CB665001CB665001C86
S3151C051540B665001CB665001CB665001CB665001C98
S3151C051550B665001CB665001CB665001C9E60001CA5
S3151C051560B860001CB665001CB665001CB665001C7B
S3151C051570B665001CB665001CB665001CB665001C68
S3151C051580B665001CB665001CB665001C8261001C90
S3151C051590B665001CB665001CB665001C1862001CE9
S3151C0515A0B665001C0464001CB665001CB665001CEB
S3151C0515B0665F001CB665001CB665001CB665001C7E
S3151C0515C0B665001CB665001CB665001CB665001C18
S3151C0515D0B665001CB665001CB665001C9E60001C25
S3151C0515E0BC60001CB665001CB665001CB665001CF7
S3151C0515F06A60001CBC60001C9260001CB665001C61
S3151C0516008460001CB665001C4261001C8661001CBA
S3151C051610F261001C9260001CB665001C1862001C59
S3151C051620445F001C0864001CB665001CB665001CDE
S3151C0516304E64001CB665001C445F001C202020203F
S3151C0516402020202020202020202020203030303033
S3151C05165030303030303030303030303000202020C3
S3151C051660202020202020282828282820202020202B
S3151C05167020202020202020202020202020881010FB
S3151C0516801010101010101010101010101004040457
S3151C0516900404040404040410101010101010414115
S3151C0516A04141414101010101010101010101010103
S3151C0516B00101010101010101101010101010424217
S3151C0516C042424242020202020202020202020202D3
S3151C0516D00202020202020202101010102000000073
S3151C0516E000000000000000000000000000000000D3
S3151C0516F000000000000000000000000000000000C3
S3151C05170000000000000000000000000000000000B2
S3151C05171000000000000000000000000000000000A2
S3151C0517200000000000000000000000000000000092
S3151C0517300000000000000000000000000000000082
S3151C0517400000000000000000000000000000000072
S3151C0517500000000000000000000000000000000062
S3151C0517600001020203030303040404040404040421
S3151C05177005050505050505050505050505050505F2
S3151C05178006060606060606060606060606060606D2
S3151C05179006060606060606060606060606060606C2
S3151C0517A007070707070707070707070707070707A2
S3151C0517B00707070707070707070707070707070792
S3151C0517C00707070707070707070707070707070782
S3151C0517D00707070707070707070707070707070772
S3151C0517E00808080808080808080808080808080852
S3151C0517F00808080808080808080808080808080842
S3151C0518000808080808080808080808080808080831
S3151C0518100808080808080808080808080808080821
S3151C0518200808080808080808080808080808080811
S3151C0518300808080808080808080808080808080801
S3151C05184008080808080808080808080808080808F1
S3151C05185008080808080808080808080808080808E1
S3151C0518601000000000000000037A5200017C0101F3
S3151C0518701B0C02001000000018000000FC6AFBFF90
S3151C0518805E03000000000000100000002C00000094
S3111C051890466EFBFF540300000000000020
S3151C051A40000000002C1D051C941D051CFC1D051CF9
S3151C051A50000000000000000000000000000000005F
S3151C051A60000000000000000000000000000000004F
S3151C051A70000000000000000000000000000000003F
S3151C051A80000000000000000000000000000000002F
S3151C051A90000000000000000000000000000000001F
S3151C051AA0000000000000000000000000000000000F
S3151C051AB000000000000000000000000000000000FF
S3151C051AC000000000000000000000000000000000EF
S3151C051AD000000000000000000000000000000000DF
S3151C051AE000000000000000000100000000000000CE
S3151C051AF00E33CDAB34126DE6ECDE05000B00000093
S3151C051B0000000000000000000000000000000000AE
S3151C051B10000000000000000000000000000000009E
S3151C051B20000000000000000000000000000000008E
S3151C051B30000000000000000000000000000000007E
S3151C051B40000000000000000000000000000000006E
S3151C051B50000000000000000000000000000000005E
S3151C051B60000000000000000000000000000000004E
S3151C051B70000000000000000000000000000000003E
S3151C051B80000000000000000000000000000000002E
S3151C051B90000000000000000000000000000000001E
S3151C051BA0000000000000000000000000000000000E
S3151C051BB000000000000000000000000000000000FE
S3151C051BC000000000000000000000000000000000EE
S3151C051BD000000000000000000000000000000000DE
S3151C051BE000000000000000000000000000000000CE
S3151C051BF000000000000000000000000000000000BE
S3151C051C0000000000000000000000000000000000AD
S3151C051C10000000000000000000000000000000009D
S3151C051C20000000000000000000000000000000008D
S3151C051C30000000000000000000000000000000007D
S3151C051C40000000000000000000000000000000006D
S3151C051C50000000000000000000000000000000005D
S3151C051C60000000000000000000000000000000004D
S3151C051C70000000000000000000000000000000003D
S3151C051C80000000000000000000000000000000002D
S3151C051C90000000000000000000000000000000001D
S3151C051CA0000000000000000000000000000000000D
S3151C051CB000000000000000000000000000000000FD
S3151C051CC000000000000000000000000000000000ED
S3151C051CD000000000000000000000000000000000DD
S3151C051CE000000000000000000000000000000000CD
S3151C051CF000000000000000000000000000000000BD
S3151C051D0000000000000000000000000000000000AC
S3151C051D10000000000000000000000000000000009C
S3151C051D20000000000000000000000000000000008C
S3151C051D30000000000000000000000000000000007C
S3151C051D40000000000000000000000000000000006C
S3151C051D50000000000000000000000000000000005C
S3151C051D60000000000000000000000000000000004C
S3151C051D70000000000000000000000000000000003C
S3151C051D80000000000000000000000000000000002C
S3151C051D90000000000000000000000000000000001C
S3151C051DA0000000000000000000000000000000000C
S3151C051DB000000000000000000000000000000000FC
S3151C051DC000000000000000000000000000000000EC
S3151C051DD000000000000000000000000000000000DC
S3151C051DE000000000000000000000000000000000CC
S3151C051DF000000000000000000000000000000000BC
S3151C051E0000000000000000000000000000000000AB
S3151C051E10000000000000000000000000000000009B
S3151C051E20000000000000000000000000000000008B
S3151C051E30000000000000000000000000000000007B
S3151C051E40000000000000000000000000000000006B
S3151C051E50000000000000000000000000000000005B
S3151C051E600000000000000000430000000000000008
S3151C051E70000000000000000000000000000000003B
S3151C051E8000000000000000004300000000000000E8
S3151C051E90000000000000000000000000000000001B
S3151C051EA000000000000000004300000000000000C8
S3151C051EB000000000000000000000000000000000FB
S3151C051EC000000000000000004300000000000000A8
S3151C051ED000000000000000000000000000000000DB
S3151C051EE00000000000000000430000000000000088
S3151C051EF000000000000000000000000000000000BB
S3151C051F000000000000000000430000000000000067
S3151C051F10000000000000000000000000000000009A
S3151C051F200000000000000000430000000000000047
S3151C051F30000000000000000000000000000000007A
S3151C051F400000000000000000AC81001C187A001C73
S3151C051F50000000005C16051C7C14051C1014051CD1
S3151C051F601014051C1014051C1014051C1014051C36
S3151C051F701014051C1014051C1014051C1014051C26
S3151C051F80FFFFFFFFFFFFFFFFFFFFFFFFFFFF000038
S3151C051F9001004153434949000000000000000000B0
S3151C051FA0000000000000000000000000000000000A
S3151C051FB00000415343494900000000000000000091
S3151C051FC000000000000000000000000000000000EA
S3151C051FD0000000000000000000000000D41F051CC6
S3151C051FE0D41F051CDC1F051CDC1F051CE41F051C5A
S3151C051FF0E41F051CEC1F051CEC1F051CF41F051C0A
S3151C052000F41F051CFC1F051CFC1F051C0420051CB8
S3151C0520100420051C0C20051C0C20051C1420051C65
S3151C0520201420051C1C20051C1C20051C2420051C15
S3151C0520302420051C2C20051C2C20051C3420051CC5
S3151C0520403420051C3C20051C3C20051C4420051C75
S3151C0520504420051C4C20051C4C20051C5420051C25
S3151C0520605420051C5C20051C5C20051C6420051CD5
S3151C0520706420051C6C20051C6C20051C7420051C85
S3151C0520807420051C7C20051C7C20051C8420051C35
S3151C0520908420051C8C20051C8C20051C9420051CE5
S3151C0520A09420051C9C20051C9C20051CA420051C95
S3151C0520B0A420051CAC20051CAC20051CB420051C45
S3151C0520C0B420051CBC20051CBC20051CC420051CF5
S3151C0520D0C420051CCC20051CCC20051CD420051CA5
S3151C0520E0D420051CDC20051CDC20051CE420051C55
S3151C0520F0E420051CEC20051CEC20051CF420051C05
S3151C052100F420051CFC20051CFC20051C0421051CB3
S3151C0521100421051C0C21051C0C21051C1421051C60
S3151C0521201421051C1C21051C1C21051C2421051C10
S3151C0521302421051C2C21051C2C21051C3421051CC0
S3151C0521403421051C3C21051C3C21051C4421051C70
S3151C0521504421051C4C21051C4C21051C5421051C20
S3151C0521605421051C5C21051C5C21051C6421051CD0
S3151C0521706421051C6C21051C6C21051C7421051C80
S3151C0521807421051C7C21051C7C21051C8421051C30
S3151C0521908421051C8C21051C8C21051C9421051CE0
S3151C0521A09421051C9C21051C9C21051CA421051C90
S3151C0521B0A421051CAC21051CAC21051CB421051C40
S3151C0521C0B421051CBC21051CBC21051CC421051CF0
S3151C0521D0C421051CCC21051CCC21051CD421051CA0
S3151C0521E0D421051CDC21051CDC21051CE421051C50
S3151C0521F0E421051CEC21051CEC21051CF421051C00
S3151C052200F421051CFC21051CFC21051C0422051CAE
S3151C0522100422051C0C22051C0C22051C1422051C5B
S3151C0522201422051C1C22051C1C22051C2422051C0B
S3151C0522302422051C2C22051C2C22051C3422051CBB
S3151C0522403422051C3C22051C3C22051C4422051C6B
S3151C0522504422051C4C22051C4C22051C5422051C1B
S3151C0522605422051C5C22051C5C22051C6422051CCB
S3151C0522706422051C6C22051C6C22051C7422051C7B
S3151C0522807422051C7C22051C7C22051C8422051C2B
S3151C0522908422051C8C22051C8C22051C9422051CDB
S3151C0522A09422051C9C22051C9C22051CA422051C8B
S3151C0522B0A422051CAC22051CAC22051CB422051C3B
S3151C0522C0B422051CBC22051CBC22051CC422051CEB
S3151C0522D0C422051CCC22051CCC22051CD422051C9B
S3151C0522E0D422051CDC22051CDC22051CE422051C4B
S3151C0522F0E422051CEC22051CEC22051CF422051CFB
S3151C052300F422051CFC22051CFC22051C0423051CA9
S3151C0523100423051C0C23051C0C23051C1423051C56
S3151C0523201423051C1C23051C1C23051C2423051C06
S3151C0523302423051C2C23051C2C23051C3423051CB6
S3151C0523403423051C3C23051C3C23051C4423051C66
S3151C0523504423051C4C23051C4C23051C5423051C16
S3151C0523605423051C5C23051C5C23051C6423051CC6
S3151C0523706423051C6C23051C6C23051C7423051C76
S3151C0523807423051C7C23051C7C23051C8423051C26
S3151C0523908423051C8C23051C8C23051C9423051CD6
S3151C0523A09423051C9C23051C9C23051CA423051C86
S3151C0523B0A423051CAC23051CAC23051CB423051C36
S3151C0523C0B423051CBC23051CBC23051CC423051CE6
S3151C0523D0C423051CCC23051CCC23051C401A051C33
S3151C0523E0401A051CFFFFFFFF000002000060051CCC
S3151C0523F000000000000000000000000000000000B6
S3151C05240000000000000000000000000000000000A5
S3151C0524100000000000000000000000000000000095
S3151C0524200000000000000000000000000000000085
S3151C0524300000000000000000000000000000000075
S3151C0524400000000000000000000000000000000065
S3151C0524500000000000000000000000000000000055
S3151C0524600000000000000000000000000000000045
S3151C0524700000000000000000000000000000000035
S3151C0524800000000000000000000000000000000025
S3151C0524900000000000000000000000000000000015
S3151C0524A00000000000000000000000000000000005
S3151C0524B000000000000000000000000000000000F5
S3091C0524C003000000EE
S3151C0524C400000000000000000000000000000000E1
S3151C0524D400000000000000000000000000000000D1
S3151C0524E400000000000000000000000000000000C1
S3151C0524F4000000000000000000000000011122CCB1
S3151C05250426CA06CE9304400603A5411F7D566C00B8
S3151C052514EF70BB94B247E39997FEB72E0000938ED2
S3151C0525242E22B73E0000938E3E3302C6F1BF000031
S3151C0525340000000000000000000000000000000070
S3151C0525440000000000000000000000000000000060
S3151C0525540000000000000000000000000000000050
S3151C0525640000000000000000000000000000000040
S3111C05257400000000000000000000000034
S3151C0525800000000000000000000000000000000024
S3151C0525900000000000000000000000000000000014
S3151C0525A00000000000000000000000000000000004
S3151C0525B000000000000000000000000000000000F4
S3151C0525C000000000000000000000000000000000E4
S3151C0525D000000000000000000000000000000000D4
S3151C0525E000000000000000000000000000000000C4
S3151C0525F000000000000000000000000000000000B4
S3151C05260000000000000000000000000000000000A3
S3151C0526100000000000000000000000000000000093
S3151C0526200000000000000000000000000000000083
S3151C0526300000000000000000000000000000000073
S3151C0526400000000000000000000000000000000063
S3151C0526500000000000000000000000000000000053
S3151C0526600000000000000000000000000000000043
S3151C0526700000000000000000000000000000000033
S3151C0526800000000000000000000000000000000023
S3151C0526900000000000000000000000000000000013
S3151C0526A00000000000000000000000000000000003
S3151C0526B000000000000000000000000000000000F3
S3151C0526C000000000000000000000000000000000E3
S3151C0526D000000000000000000000000000000000D3
S3151C0526E000000000000000000000000000000000C3
S3151C0526F000000000000000000000000000000000B3
S3151C05270000000000000000000000000000000000A2
S3151C0527100000000000000000000000000000000092
S3151C0527200000000000000000000000000000000082
S3151C0527300000000000000000000000000000000072
S3151C0527400000000000000000000000000000000062
S3151C0527500000000000000000000000000000000052
S3151C0527600000000000000000000000000000000042
S3151C0527700000000000000000000000000000000032
S3151C0527800000000000000000000000000000000022
S3151C0527900000000000000000000000000000000012
S3151C0527A00000000000000000000000000000000002
S3151C0527B000000000000000000000000000000000F2
S3151C0527C000000000000000000000000000000000E2
S3151C0527D000000000000000000000000000000000D2
S3151C0527E000000000000000000000000000000000C2
S3151C0527F000000000000000000000000000000000B2
S3151C05280000000000000000000000000000000000A1
S3151C0528100000000000000000000000000000000091
S3151C0528200000000000000000000000000000000081
S3151C0528300000000000000000000000000000000071
S3151C0528400000000000000000000000000000000061
S3151C0528500000000000000000000000000000000051
S3151C0528600000000000000000000000000000000041
S3151C0528700000000000000000000000000000000031
S3151C0528800000000000000000000000000000000021
S3151C0528900000000000000000000000000000000011
S3151C0528A00000000000000000000000000000000001
S3151C0528B000000000000000000000000000000000F1
S3151C0528C000000000000000000000000000000000E1
S3151C0528D000000000000000000000000000000000D1
S3151C0528E000000000000000000000000000000000C1
S3151C0528F000000000000000000000000000000000B1
S3151C05290000000000000000000000000000000000A0
S3151C0529100000000000000000000000000000000090
S3151C0529200000000000000000000000000000000080
S3151C0529300000000000000000000000000000000070
S3151C0529400000000000000000000000000000000060
S3151C0529500000000000000000000000000000000050
S3151C0529600000000000000000000000000000000040
S3151C0529700000000000000000000000000000000030
S3151C0529800000000000000000000000000000000020
S3151C0529900000000000000000000000000000000010
S3151C0529A00000000000000000000000000000000000
S3151C0529B000000000000000000000000000000000F0
S3151C0529C000000000000000000000000000000000E0
S3151C0529D000000000000000000000000000000000D0
S3151C0529E000000000000000000000000000000000C0
S3151C0529F000000000000000000000000000000000B0
S3151C052A00000000000000000000000000000000009F
S3151C052A10000000000000000000000000000000008F
S3151C052A20000000000000000000000000000000007F
S3151C052A30000000000000000000000000000000006F
S3151C052A40000000000000000000000000000000005F
S3151C052A50000000000000000000000000000000004F
S3151C052A60000000000000000000000000000000003F
S3151C052A70000000000000000000000000000000002F
S3151C052A80000000000000000000000000000000001F
S3151C052A90000000000000000000000000000000000F
S3151C052AA000000000000000000000000000000000FF
S3151C052AB000000000000000000000000000000000EF
S3151C052AC000000000000000000000000000000000DF
S3151C052AD000000000000000000000000000000000CF
S3151C052AE000000000000000000000000000000000BF
S3151C052AF000000000000000000000000000000000AF
S3151C052B00000000000000000000000000000000009E
S3151C052B10000000000000000000000000000000008E
S3151C052B20000000000000000000000000000000007E
S3151C052B30000000000000000000000000000000006E
S3151C052B40000000000000000000000000000000005E
S3151C052B50000000000000000000000000000000004E
S3151C052B60000000000000000000000000000000003E
S3151C052B70000000000000000000000000000000002E
S3151C052B80000000000000000000000000000000001E
S3151C052B90000000000000000000000000000000000E
S3151C052BA000000000000000000000000000000000FE
S3151C052BB000000000000000000000000000000000EE
S3151C052BC000000000000000000000000000000000DE
S3151C052BD000000000000000000000000000000000CE
S3151C052BE000000000000000000000000000000000BE
S3151C052BF000000000000000000000000000000000AE
S3151C052C00000000000000000000000000000000009D
S3151C052C10000000000000000000000000000000008D
S3151C052C20000000000000000000000000000000007D
S3151C052C30000000000000000000000000000000006D
S3151C052C40000000000000000000000000000000005D
S3151C052C50000000000000000000000000000000004D
S3151C052C60000000000000000000000000000000003D
S3151C052C70000000000000000000000000000000002D
S3151C052C80000000000000000000000000000000001D
S3151C052C90000000000000000000000000000000000D
S3151C052CA000000000000000000000000000000000FD
S3151C052CB000000000000000000000000000000000ED
S3151C052CC000000000000000000000000000000000DD
S3151C052CD000000000000000000000000000000000CD
S3151C052CE000000000000000000000000000000000BD
S3151C052CF000000000000000000000000000000000AD
S3151C052D00000000000000000000000000000000009C
S3151C052D10000000000000000000000000000000008C
S3151C052D20000000000000000000000000000000007C
S3151C052D30000000000000000000000000000000006C
S3151C052D40000000000000000000000000000000005C
S3151C052D50000000000000000000000000000000004C
S3151C052D60000000000000000000000000000000003C
S3151C052D70000000000000000000000000000000002C
S3151C052D80000000000000000000000000000000001C
S3151C052D90000000000000000000000000000000000C
S3151C052DA000000000000000000000000000000000FC
S3151C052DB000000000000000000000000000000000EC
S3151C052DC000000000000000000000000000000000DC
S3151C052DD000000000000000000000000000000000CC
S3151C052DE000000000000000000000000000000000BC
S3151C052DF000000000000000000000000000000000AC
S3151C052E00000000000000000000000000000000009B
S3151C052E10000000000000000000000000000000008B
S3151C052E20000000000000000000000000000000007B
S3151C052E30000000000000000000000000000000006B
S3151C052E40000000000000000000000000000000005B
S3151C052E50000000000000000000000000000000004B
S3151C052E60000000000000000000000000000000003B
S3151C052E70000000000000000000000000000000002B
S3151C052E80000000000000000000000000000000001B
S3151C052E90000000000000000000000000000000000B
S3151C052EA000000000000000000000000000000000FB
S3151C052EB000000000000000000000000000000000EB
S3151C052EC000000000000000000000000000000000DB
S3151C052ED000000000000000000000000000000000CB
S3151C052EE000000000000000000000000000000000BB
S3151C052EF000000000000000000000000000000000AB
S3151C052F00000000000000000000000000000000009A
S3151C052F10000000000000000000000000000000008A
S3151C052F20000000000000000000000000000000007A
S3151C052F30000000000000000000000000000000006A
S3151C052F40000000000000000000000000000000005A
S3151C052F50000000000000000000000000000000004A
S3151C052F60000000000000000000000000000000003A
S3151C052F70000000000000000000000000000000002A
S3151C052F80000000000000000000000000000000001A
S3151C052F90000000000000000000000000000000000A
S3151C052FA000000000000000000000000000000000FA
S3151C052FB000000000000000000000000000000000EA
S3151C052FC000000000000000000000000000000000DA
S3151C052FD000000000000000000000000000000000CA
S3151C052FE000000000000000000000000000000000BA
S3151C052FF000000000000000000000000000000000AA
S3151C0530000000000000000000000000000000000099
S3151C0530100000000000000000000000000000000089
S3151C0530200000000000000000000000000000000079
S3151C0530300000000000000000000000000000000069
S3151C0530400000000000000000000000000000000059
S3151C0530500000000000000000000000000000000049
S3151C0530600000000000000000000000000000000039
S3151C0530700000000000000000000000000000000029
S3151C0530800000000000000000000000000000000019
S3151C0530900000000000000000000000000000000009
S3151C0530A000000000000000000000000000000000F9
S3151C0530B000000000000000000000000000000000E9
S3151C0530C000000000000000000000000000000000D9
S3151C0530D000000000000000000000000000000000C9
S3151C0530E000000000000000000000000000000000B9
S3151C0530F000000000000000000000000000000000A9
S3151C0531000000000000000000000000000000000098
S3151C0531100000000000000000000000000000000088
S3151C0531200000000000000000000000000000000078
S3151C0531300000000000000000000000000000000068
S3151C0531400000000000000000000000000000000058
S3151C0531500000000000000000000000000000000048
S3151C0531600000000000000000000000000000000038
S3151C0531700000000000000000000000000000000028
S3151C0531800000000000000000000000000000000018
S3151C0531900000000000000000000000000000000008
S3151C0531A000000000000000000000000000000000F8
S3151C0531B000000000000000000000000000000000E8
S3151C0531C000000000000000000000000000000000D8
S3151C0531D000000000000000000000000000000000C8
S3151C0531E000000000000000000000000000000000B8
S3151C0531F000000000000000000000000000000000A8
S3151C0532000000000000000000000000000000000097
S3151C0532100000000000000000000000000000000087
S3151C0532200000000000000000000000000000000077
S3151C0532300000000000000000000000000000000067
S3151C0532400000000000000000000000000000000057
S3151C0532500000000000000000000000000000000047
S3151C0532600000000000000000000000000000000037
S3151C0532700000000000000000000000000000000027
S3151C0532800000000000000000000000000000000017
S3151C0532900000000000000000000000000000000007
S3151C0532A000000000000000000000000000000000F7
S3151C0532B000000000000000000000000000000000E7
S3151C0532C000000000000000000000000000000000D7
S3151C0532D000000000000000000000000000000000C7
S3151C0532E000000000000000000000000000000000B7
S3151C0532F000000000000000000000000000000000A7
S3151C0533000000000000000000000000000000000096
S3151C0533100000000000000000000000000000000086
S3151C0533200000000000000000000000000000000076
S3151C0533300000000000000000000000000000000066
S3151C0533400000000000000000000000000000000056
S3151C0533500000000000000000000000000000000046
S3151C0533600000000000000000000000000000000036
S3151C0533700000000000000000000000000000000026
S3151C0533800000000000000000000000000000000016
S3151C0533900000000000000000000000000000000006
S3151C0533A000000000000000000000000000000000F6
S3151C0533B000000000000000000000000000000000E6
S3151C0533C000000000000000000000000000000000D6
S3151C0533D000000000000000000000000000000000C6
S3151C0533E000000000000000000000000000000000B6
S3151C0533F000000000000000000000000000000000A6
S3151C0534000000000000000000000000000000000095
S3151C0534100000000000000000000000000000000085
S3151C0534200000000000000000000000000000000075
S3151C0534300000000000000000000000000000000065
S3151C0534400000000000000000000000000000000055
S3151C0534500000000000000000000000000000000045
S3151C0534600000000000000000000000000000000035
S3151C0534700000000000000000000000000000000025
S3151C0534800000000000000000000000000000000015
S3151C0534900000000000000000000000000000000005
S3151C0534A000000000000000000000000000000000F5
S3151C0534B000000000000000000000000000000000E5
S3151C0534C000000000000000000000000000000000D5
S3151C0534D000000000000000000000000000000000C5
S3151C0534E000000000000000000000000000000000B5
S3151C0534F000000000000000000000000000000000A5
S3151C0535000000000000000000000000000000000094
S3151C0535100000000000000000000000000000000084
S3151C0535200000000000000000000000000000000074
S3151C0535300000000000000000000000000000000064
S3151C0535400000000000000000000000000000000054
S3151C0535500000000000000000000000000000000044
S3151C0535600000000000000000000000000000000034
S3151C0535700000000000000000000000000000000024
S3151C0535800000000000000000000000000000000014
S3151C0535900000000000000000000000000000000004
S3151C0535A000000000000000000000000000000000F4
S3151C0535B000000000000000000000000000000000E4
S3151C0535C000000000000000000000000000000000D4
S3151C0535D000000000000000000000000000000000C4
S3151C0535E000000000000000000000000000000000B4
S3151C0535F000000000000000000000000000000000A4
S3151C0536000000000000000000000000000000000093
S3151C0536100000000000000000000000000000000083
S3151C0536200000000000000000000000000000000073
S3151C0536300000000000000000000000000000000063
S3151C0536400000000000000000000000000000000053
S3151C0536500000000000000000000000000000000043
S3151C0536600000000000000000000000000000000033
S3151C0536700000000000000000000000000000000023
S3151C0536800000000000000000000000000000000013
S3151C0536900000000000000000000000000000000003
S3151C0536A000000000000000000000000000000000F3
S3151C0536B000000000000000000000000000000000E3
S3151C0536C000000000000000000000000000000000D3
S3151C0536D000000000000000000000000000000000C3
S3151C0536E000000000000000000000000000000000B3
S3151C0536F000000000000000000000000000000000A3
S3151C0537000000000000000000000000000000000092
S3151C0537100000000000000000000000000000000082
S3151C0537200000000000000000000000000000000072
S3151C0537300000000000000000000000000000000062
S3151C0537400000000000000000000000000000000052
S3151C0537500000000000000000000000000000000042
S3151C0537600000000000000000000000000000000032
S3151C0537700000000000000000000000000000000022
S3151C0537800000000000000000000000000000000012
S3151C0537900000000000000000000000000000000002
S3151C0537A000000000000000000000000000000000F2
S3151C0537B000000000000000000000000000000000E2
S3151C0537C000000000000000000000000000000000D2
S3151C0537D000000000000000000000000000000000C2
S3151C0537E000000000000000000000000000000000B2
S3151C0537F000000000000000000000000000000000A2
S3151C0538000000000000000000000000000000000091
S3151C0538100000000000000000000000000000000081
S3151C0538200000000000000000000000000000000071
S3151C0538300000000000000000000000000000000061
S3151C0538400000000000000000000000000000000051
S3151C0538500000000000000000000000000000000041
S3151C0538600000000000000000000000000000000031
S3151C0538700000000000000000000000000000000021
S3151C0538800000000000000000000000000000000011
S3151C0538900000000000000000000000000000000001
S3151C0538A000000000000000000000000000000000F1
S3151C0538B000000000000000000000000000000000E1
S3151C0538C000000000000000000000000000000000D1
S3151C0538D000000000000000000000000000000000C1
S3151C0538E000000000000000000000000000000000B1
S3151C0538F000000000000000000000000000000000A1
S3151C0539000000000000000000000000000000000090
S3151C0539100000000000000000000000000000000080
S3151C0539200000000000000000000000000000000070
S3151C0539300000000000000000000000000000000060
S3151C0539400000000000000000000000000000000050
S3151C0539500000000000000000000000000000000040
S3151C0539600000000000000000000000000000000030
S3151C0539700000000000000000000000000000000020
S3151C0539800000000000000000000000000000000010
S3151C0539900000000000000000000000000000000000
S3151C0539A000000000000000000000000000000000F0
S3151C0539B000000000000000000000000000000000E0
S3151C0539C000000000000000000000000000000000D0
S3151C0539D000000000000000000000000000000000C0
S3151C0539E000000000000000000000000000000000B0
S3151C0539F000000000000000000000000000000000A0
S3151C053A00000000000000000000000000000000008F
S3151C053A10000000000000000000000000000000007F
S3151C053A20000000000000000000000000000000006F
S3151C053A30000000000000000000000000000000005F
S3151C053A40000000000000000000000000000000004F
S3151C053A50000000000000000000000000000000003F
S3151C053A60000000000000000000000000000000002F
S3151C053A70000000000000000000000000000000001F
S3151C053A80000000000000000000000000000000000F
S3151C053A9000000000000000000000000000000000FF
S3151C053AA000000000000000000000000000000000EF
S3151C053AB000000000000000000000000000000000DF
S3151C053AC000000000000000000000000000000000CF
S3151C053AD000000000000000000000000000000000BF
S3151C053AE000000000000000000000000000000000AF
S3151C053AF0000000000000000000000000000000009F
S3151C053B00000000000000000000000000000000008E
S3151C053B10000000000000000000000000000000007E
S3151C053B20000000000000000000000000000000006E
S3151C053B30000000000000000000000000000000005E
S3151C053B40000000000000000000000000000000004E
S3151C053B50000000000000000000000000000000003E
S3151C053B60000000000000000000000000000000002E
S3151C053B70000000000000000000000000000000001E
S3151C053B80000000000000000000000000000000000E
S3151C053B9000000000000000000000000000000000FE
S3151C053BA000000000000000000000000000000000EE
S3151C053BB000000000000000000000000000000000DE
S3151C053BC000000000000000000000000000000000CE
S3151C053BD000000000000000000000000000000000BE
S3151C053BE000000000000000000000000000000000AE
S3151C053BF0000000000000000000000000000000009E
S3151C053C00000000000000000000000000000000008D
S3151C053C10000000000000000000000000000000007D
S3151C053C20000000000000000000000000000000006D
S3151C053C30000000000000000000000000000000005D
S3151C053C40000000000000000000000000000000004D
S3151C053C50000000000000000000000000000000003D
S3151C053C60000000000000000000000000000000002D
S3151C053C70000000000000000000000000000000001D
S3151C053C80000000000000000000000000000000000D
S3151C053C9000000000000000000000000000000000FD
S3151C053CA000000000000000000000000000000000ED
S3151C053CB000000000000000000000000000000000DD
S3151C053CC000000000000000000000000000000000CD
S3151C053CD000000000000000000000000000000000BD
S3151C053CE000000000000000000000000000000000AD
S3151C053CF0000000000000000000000000000000009D
S3151C053D00000000000000000000000000000000008C
S3151C053D10000000000000000000000000000000007C
S3151C053D20000000000000000000000000000000006C
S3151C053D30000000000000000000000000000000005C
S3151C053D40000000000000000000000000000000004C
S3151C053D50000000000000000000000000000000003C
S3151C053D60000000000000000000000000000000002C
S3151C053D70000000000000000000000000000000001C
S3151C053D80000000000000000000000000000000000C
S3151C053D9000000000000000000000000000000000FC
S3151C053DA000000000000000000000000000000000EC
S3151C053DB000000000000000000000000000000000DC
S3151C053DC000000000000000000000000000000000CC
S3151C053DD000000000000000000000000000000000BC
S3151C053DE000000000000000000000000000000000AC
S3151C053DF0000000000000000000000000000000009C
S3151C053E00000000000000000000000000000000008B
S3151C053E10000000000000000000000000000000007B
S3151C053E20000000000000000000000000000000006B
S3151C053E30000000000000000000000000000000005B
S3151C053E40000000000000000000000000000000004B
S3151C053E50000000000000000000000000000000003B
S3151C053E60000000000000000000000000000000002B
S3151C053E70000000000000000000000000000000001B
S3151C053E8001119307400622CC26CA06CE3EC6EF5024
S3151C053E907BD72AC40544B7BE0000938EAEAAB7CEFF
S3151C053EA00000938EBEBB91452800EF50FBBE03A5B3
S3151C053EB0411F814601466C00EF503BF7E30D85FC1F
S3151C053EC0B716051C3716051C3715051C9386C63DE6
S3151C053ED01306863C9305700213050541EF10FB87F7
S3151C053EE000000000000000000000000000000000AB
S3151C053EF0000000000000000000000000000000009B
S3151C053F00000000000000000000000000000000008A
S3151C053F10000000000000000000000000000000007A
S3151C053F20000000000000000000000000000000006A
S3151C053F30000000000000000000000000000000005A
S3151C053F40000000000000000000000000000000004A
S3151C053F50000000000000000000000000000000003A
S3151C053F60000000000000000000000000000000002A
S3151C053F70000000000000000000000000000000001A
S3151C053F80000000000000000000000000000000000A
S3151C053F9000000000000000000000000000000000FA
S3151C053FA000000000000000000000000000000000EA
S3151C053FB000000000000000000000000000000000DA
S3151C053FC000000000000000000000000000000000CA
S3151C053FD000000000000000000000000000000000BA
S3151C053FE000000000000000000000000000000000AA
S3151C053FF0000000000000000000000000000000009A
S3151C0540000000000000000000000000000000000089
S3151C0540100000000000000000000000000000000079
S3151C0540200000000000000000000000000000000069
S3151C0540300000000000000000000000000000000059
S3151C0540400000000000000000000000000000000049
S3151C0540500000000000000000000000000000000039
S3151C0540600000000000000000000000000000000029
S3151C0540700000000000000000000000000000000019
S3151C0540800000000000000000000000000000000009
S3151C05409000000000000000000000000000000000F9
S3151C0540A000000000000000000000000000000000E9
S3151C0540B000000000000000000000000000000000D9
S3151C0540C000000000000000000000000000000000C9
S3151C0540D000000000000000000000000000000000B9
S3151C0540E000000000000000000000000000000000A9
S3151C0540F00000000000000000000000000000000099
S3151C0541000000000000000000000000000000000088
S3151C0541100000000000000000000000000000000078
S3151C0541200000000000000000000000000000000068
S3151C0541300000000000000000000000000000000058
S3151C0541400000000000000000000000000000000048
S3151C0541500000000000000000000000000000000038
S3151C0541600000000000000000000000000000000028
S3151C0541700000000000000000000000000000000018
S3151C0541800000000000000000000000000000000008
S3151C05419000000000000000000000000000000000F8
S3151C0541A000000000000000000000000000000000E8
S3151C0541B000000000000000000000000000000000D8
S3151C0541C000000000000000000000000000000000C8
S3151C0541D000000000000000000000000000000000B8
S3151C0541E000000000000000000000000000000000A8
S3151C0541F00000000000000000000000000000000098
S3151C0542000000000000000000000000000000000087
S3151C0542100000000000000000000000000000000077
S3151C0542200000000000000000000000000000000067
S3151C0542300000000000000000000000000000000057
S3151C0542400000000000000000000000000000000047
S3151C0542500000000000000000000000000000000037
S3151C0542600000000000000000000000000000000027
S3151C0542700000000000000000000000000000000017
S3151C0542800000000000000000000000000000000007
S3151C05429000000000000000000000000000000000F7
S3151C0542A000000000000000000000000000000000E7
S3151C0542B000000000000000000000000000000000D7
S3151C0542C000000000000000000000000000000000C7
S3151C0542D000000000000000000000000000000000B7
S3151C0542E000000000000000000000000000000000A7
S3151C0542F00000000000000000000000000000000097
S3151C0543000000000000000000000000000000000086
S3151C0543100000000000000000000000000000000076
S3151C0543200000000000000000000000000000000066
S3151C0543300000000000000000000000000000000056
S3151C0543400000000000000000000000000000000046
S3151C0543500000000000000000000000000000000036
S3151C0543600000000000000000000000000000000026
S3151C0543700000000000000000000000000000000016
S3151C0543800000000000000000000000000000000006
S3151C05439000000000000000000000000000000000F6
S3151C0543A000000000000000000000000000000000E6
S3151C0543B000000000000000000000000000000000D6
S3151C0543C000000000000000000000000000000000C6
S3151C0543D000000000000000000000000000000000B6
S3151C0543E000000000000000000000000000000000A6
S3151C0543F00000000000000000000000000000000096
S3151C0544000000000000000000000000000000000085
S3151C0544100000000000000000000000000000000075
S3151C0544200000000000000000000000000000000065
S3151C0544300000000000000000000000000000000055
S3151C0544400000000000000000000000000000000045
S3151C0544500000000000000000000000000000000035
S3151C0544600000000000000000000000000000000025
S3151C0544700000000000000000000000000000000015
S3151C0544800000000000000000000000000000000005
S3151C05449000000000000000000000000000000000F5
S3151C0544A000000000000000000000000000000000E5
S3151C0544B000000000000000000000000000000000D5
S3151C0544C000000000000000000000000000000000C5
S3151C0544D000000000000000000000000000000000B5
S3151C0544E000000000000000000000000000000000A5
S3151C0544F00000000000000000000000000000000095
S3151C0545000000000000000000000000000000000084
S3151C0545100000000000000000000000000000000074
S3151C0545200000000000000000000000000000000064
S3151C0545300000000000000000000000000000000054
S3151C0545400000000000000000000000000000000044
S3151C0545500000000000000000000000000000000034
S3151C0545600000000000000000000000000000000024
S3151C0545700000000000000000000000000000000014
S3151C0545800000000000000000000000000000000004
S3151C05459000000000000000000000000000000000F4
S3151C0545A000000000000000000000000000000000E4
S3151C0545B000000000000000000000000000000000D4
S3151C0545C000000000000000000000000000000000C4
S3151C0545D000000000000000000000000000000000B4
S3151C0545E000000000000000000000000000000000A4
S3151C0545F00000000000000000000000000000000094
S3151C0546000000000000000000000000000000000083
S3151C0546100000000000000000000000000000000073
S3151C0546200000000000000000000000000000000063
S3151C0546300000000000000000000000000000000053
S3151C0546400000000000000000000000000000000043
S3151C0546500000000000000000000000000000000033
S3151C0546600000000000000000000000000000000023
S3151C0546700000000000000000000000000000000013
S3151C0546800000000000000000000000000000000003
S3151C05469000000000000000000000000000000000F3
S3151C0546A000000000000000000000000000000000E3
S3151C0546B000000000000000000000000000000000D3
S3151C0546C000000000000000000000000000000000C3
S3151C0546D000000000000000000000000000000000B3
S3151C0546E000000000000000000000000000000000A3
S3151C0546F00000000000000000000000000000000093
S3151C0547000000000000000000000000000000000082
S3151C0547100000000000000000000000000000000072
S3151C0547200000000000000000000000000000000062
S3151C0547300000000000000000000000000000000052
S3151C0547400000000000000000000000000000000042
S3151C0547500000000000000000000000000000000032
S3151C0547600000000000000000000000000000000022
S3151C0547700000000000000000000000000000000012
S3151C0547800000000000000000000000000000000002
S3151C05479000000000000000000000000000000000F2
S3151C0547A000000000000000000000000000000000E2
S3151C0547B000000000000000000000000000000000D2
S3151C0547C000000000000000000000000000000000C2
S3151C0547D000000000000000000000000000000000B2
S3151C0547E000000000000000000000000000000000A2
S3151C0547F00000000000000000000000000000000092
S3151C0548000000000000000000000000000000000081
S3151C0548100000000000000000000000000000000071
S3151C0548200000000000000000000000000000000061
S3151C0548300000000000000000000000000000000051
S3151C0548400000000000000000000000000000000041
S3151C0548500000000000000000000000000000000031
S3151C0548600000000000000000000000000000000021
S3151C0548700000000000000000000000000000000011
S3151C0548800000000000000000000000000000000001
S3151C05489000000000000000000000000000000000F1
S3151C0548A000000000000000000000000000000000E1
S3151C0548B000000000000000000000000000000000D1
S3151C0548C000000000000000000000000000000000C1
S3151C0548D000000000000000000000000000000000B1
S3151C0548E000000000000000000000000000000000A1
S3151C0548F00000000000000000000000000000000091
S3151C0549000000000000000000000000000000000080
S3151C0549100000000000000000000000000000000070
S3151C0549200000000000000000000000000000000060
S3151C0549300000000000000000000000000000000050
S3151C0549400000000000000000000000000000000040
S3151C0549500000000000000000000000000000000030
S3151C0549600000000000000000000000000000000020
S3151C0549700000000000000000000000000000000010
S3151C0549800000000000000000000000000000000000
S3151C05499000000000000000000000000000000000F0
S3151C0549A000000000000000000000000000000000E0
S3151C0549B000000000000000000000000000000000D0
S3151C0549C000000000000000000000000000000000C0
S3151C0549D000000000000000000000000000000000B0
S3151C0549E000000000000000000000000000000000A0
S3151C0549F00000000000000000000000000000000090
S3151C054A00000000000000000000000000000000007F
S3151C054A10000000000000000000000000000000006F
S3151C054A20000000000000000000000000000000005F
S3151C054A30000000000000000000000000000000004F
S3151C054A40000000000000000000000000000000003F
S3151C054A50000000000000000000000000000000002F
S3151C054A60000000000000000000000000000000001F
S3151C054A70000000000000000000000000000000000F
S3151C054A8000000000000000000000000000000000FF
S3151C054A9000000000000000000000000000000000EF
S3151C054AA000000000000000000000000000000000DF
S3151C054AB000000000000000000000000000000000CF
S3151C054AC000000000000000000000000000000000BF
S3151C054AD000000000000000000000000000000000AF
S3151C054AE0000000000000000000000000000000009F
S3151C054AF0000000000000000000000000000000008F
S3151C054B00000000000000000000000000000000007E
S3151C054B10000000000000000000000000000000006E
S3151C054B20000000000000000000000000000000005E
S3151C054B30000000000000000000000000000000004E
S3151C054B40000000000000000000000000000000003E
S3151C054B50000000000000000000000000000000002E
S3151C054B60000000000000000000000000000000001E
S3151C054B70000000000000000000000000000000000E
S3151C054B8000000000000000000000000000000000FE
S3151C054B9000000000000000000000000000000000EE
S3151C054BA000000000000000000000000000000000DE
S3151C054BB000000000000000000000000000000000CE
S3151C054BC000000000000000000000000000000000BE
S3151C054BD000000000000000000000000000000000AE
S3151C054BE0000000000000000000000000000000009E
S3151C054BF0000000000000000000000000000000008E
S3151C054C00000000000000000000000000000000007D
S3151C054C10000000000000000000000000000000006D
S3151C054C20000000000000000000000000000000005D
S3151C054C30000000000000000000000000000000004D
S3151C054C40000000000000000000000000000000003D
S3151C054C50000000000000000000000000000000002D
S3151C054C60000000000000000000000000000000001D
S3151C054C70000000000000000000000000000000000D
S3151C054C8000000000000000000000000000000000FD
S3151C054C9000000000000000000000000000000000ED
S3151C054CA000000000000000000000000000000000DD
S3151C054CB000000000000000000000000000000000CD
S3151C054CC000000000000000000000000000000000BD
S3151C054CD000000000000000000000000000000000AD
S3151C054CE0000000000000000000000000000000009D
S3151C054CF0000000000000000000000000000000008D
S3151C054D00000000000000000000000000000000007C
S3151C054D10000000000000000000000000000000006C
S3151C054D20000000000000000000000000000000005C
S3151C054D30000000000000000000000000000000004C
S3151C054D40000000000000000000000000000000003C
S3151C054D50000000000000000000000000000000002C
S3151C054D60000000000000000000000000000000001C
S3151C054D70000000000000000000000000000000000C
S3151C054D8000000000000000000000000000000000FC
S3151C054D9000000000000000000000000000000000EC
S3151C054DA000000000000000000000000000000000DC
S3151C054DB000000000000000000000000000000000CC
S3151C054DC000000000000000000000000000000000BC
S3151C054DD000000000000000000000000000000000AC
S3151C054DE0000000000000000000000000000000009C
S3151C054DF0000000000000000000000000000000008C
S3151C054E00000000000000000000000000000000007B
S3151C054E10000000000000000000000000000000006B
S3151C054E20000000000000000000000000000000005B
S3151C054E30000000000000000000000000000000004B
S3151C054E40000000000000000000000000000000003B
S3151C054E50000000000000000000000000000000002B
S3151C054E60000000000000000000000000000000001B
S3151C054E70000000000000000000000000000000000B
S3151C054E8000000000000000000000000000000000FB
S3151C054E9000000000000000000000000000000000EB
S3151C054EA000000000000000000000000000000000DB
S3151C054EB000000000000000000000000000000000CB
S3151C054EC000000000000000000000000000000000BB
S3151C054ED000000000000000000000000000000000AB
S3151C054EE0000000000000000000000000000000009B
S3151C054EF0000000000000000000000000000000008B
S3151C054F00517186D7A2D5A6D3CAD1CECFD2CDD6CBF3
S3151C054F10EF405BCF2AC213058002EF40ABCE130EC2
S3151C054F2000072A8E0144130920030D4A914AB76EC0
S3151C054F300000938E6E66B77E0000938E7E77814742
S3151C054F401397270094093697232CF7F28507E399BF
S3151C054F5027FF89454800EF403BB4637A8A0213054F
S3151C054F608002EF402BCAAA896313540381478144E7
S3151C054F701397270094093697032787F38507BA9451
S3151C054F80E39827FF4E85EF40CBCA23A0990005045D
S3151C054F9079BF0000000000000000000000000000B2
S3151C054FA000000000000000000000000000000000DA
S3151C054FB000000000000000000000000000000000CA
S3151C054FC000000000000000000000000000000000BA
S3151C054FD000000000000000000000000000000000AA
S3151C054FE0000000000000000000000000000000009A
S3151C054FF0000000000000000000000000000000008A
S3151C0550000000000000000000000000000000000079
S3151C0550100000000000000000000000000000000069
S3151C0550200000000000000000000000000000000059
S3151C0550300000000000000000000000000000000049
S3151C0550400000000000000000000000000000000039
S3151C0550500000000000000000000000000000000029
S3151C0550600000000000000000000000000000000019
S3151C0550700000000000000000000000000000000009
S3151C05508000000000000000000000000000000000F9
S3151C05509000000000000000000000000000000000E9
S3151C0550A000000000000000000000000000000000D9
S3151C0550B000000000000000000000000000000000C9
S3151C0550C000000000000000000000000000000000B9
S3151C0550D000000000000000000000000000000000A9
S3151C0550E00000000000000000000000000000000099
S3151C0550F00000000000000000000000000000000089
S3151C0551000000000000000000000000000000000078
S3151C0551100000000000000000000000000000000068
S3151C0551200000000000000000000000000000000058
S3151C0551300000000000000000000000000000000048
S3151C0551400000000000000000000000000000000038
S3151C0551500000000000000000000000000000000028
S3151C0551600000000000000000000000000000000018
S3151C0551700000000000000000000000000000000008
S3151C05518000000000000000000000000000000000F8
S3151C05519000000000000000000000000000000000E8
S3151C0551A000000000000000000000000000000000D8
S3151C0551B000000000000000000000000000000000C8
S3151C0551C000000000000000000000000000000000B8
S3151C0551D000000000000000000000000000000000A8
S3151C0551E00000000000000000000000000000000098
S3151C0551F00000000000000000000000000000000088
S3151C0552000000000000000000000000000000000077
S3151C0552100000000000000000000000000000000067
S3151C0552200000000000000000000000000000000057
S3151C0552300000000000000000000000000000000047
S3151C0552400000000000000000000000000000000037
S3151C0552500000000000000000000000000000000027
S3151C0552600000000000000000000000000000000017
S3151C0552700000000000000000000000000000000007
S3151C05528000000000000000000000000000000000F7
S3151C05529000000000000000000000000000000000E7
S3151C0552A000000000000000000000000000000000D7
S3151C0552B000000000000000000000000000000000C7
S3151C0552C000000000000000000000000000000000B7
S3151C0552D000000000000000000000000000000000A7
S3151C0552E00000000000000000000000000000000097
S3151C0552F00000000000000000000000000000000087
S3151C0553000000000000000000000000000000000076
S3151C0553100000000000000000000000000000000066
S3151C0553200000000000000000000000000000000056
S3151C0553300000000000000000000000000000000046
S3151C0553400000000000000000000000000000000036
S3151C0553500000000000000000000000000000000026
S3151C0553600000000000000000000000000000000016
S3151C0553700000000000000000000000000000000006
S3151C05538000000000000000000000000000000000F6
S3151C05539000000000000000000000000000000000E6
S3151C0553A000000000000000000000000000000000D6
S3151C0553B000000000000000000000000000000000C6
S3151C0553C000000000000000000000000000000000B6
S3151C0553D000000000000000000000000000000000A6
S3151C0553E00000000000000000000000000000000096
S3151C0553F00000000000000000000000000000000086
S3151C0554000000000000000000000000000000000075
S3151C0554100000000000000000000000000000000065
S3151C0554200000000000000000000000000000000055
S3151C0554300000000000000000000000000000000045
S3151C0554400000000000000000000000000000000035
S3151C0554500000000000000000000000000000000025
S3151C0554600000000000000000000000000000000015
S3151C0554700000000000000000000000000000000005
S3151C05548000000000000000000000000000000000F5
S3151C05549000000000000000000000000000000000E5
S3151C0554A000000000000000000000000000000000D5
S3151C0554B000000000000000000000000000000000C5
S3151C0554C000000000000000000000000000000000B5
S3151C0554D000000000000000000000000000000000A5
S3151C0554E00000000000000000000000000000000095
S3151C0554F00000000000000000000000000000000085
S3151C0555000000000000000000000000000000000074
S3151C0555100000000000000000000000000000000064
S3151C0555200000000000000000000000000000000054
S3151C0555300000000000000000000000000000000044
S3151C0555400000000000000000000000000000000034
S3151C0555500000000000000000000000000000000024
S3151C0555600000000000000000000000000000000014
S3151C0555700000000000000000000000000000000004
S3151C05558000000000000000000000000000000000F4
S3151C05559000000000000000000000000000000000E4
S3151C0555A000000000000000000000000000000000D4
S3151C0555B000000000000000000000000000000000C4
S3151C0555C000000000000000000000000000000000B4
S3151C0555D000000000000000000000000000000000A4
S3151C0555E00000000000000000000000000000000094
S3151C0555F00000000000000000000000000000000084
S3151C0556000000000000000000000000000000000073
S3151C0556100000000000000000000000000000000063
S3151C0556200000000000000000000000000000000053
S3151C0556300000000000000000000000000000000043
S3151C0556400000000000000000000000000000000033
S3151C0556500000000000000000000000000000000023
S3151C0556600000000000000000000000000000000013
S3151C0556700000000000000000000000000000000003
S3151C05568000000000000000000000000000000000F3
S3151C05569000000000000000000000000000000000E3
S3151C0556A000000000000000000000000000000000D3
S3151C0556B000000000000000000000000000000000C3
S3151C0556C000000000000000000000000000000000B3
S3151C0556D000000000000000000000000000000000A3
S3151C0556E00000000000000000000000000000000093
S3151C0556F00000000000000000000000000000000083
S3151C0557000000000000000000000000000000000072
S3151C0557100000000000000000000000000000000062
S3151C0557200000000000000000000000000000000052
S3151C0557300000000000000000000000000000000042
S3151C0557400000000000000000000000000000000032
S3151C0557500000000000000000000000000000000022
S3151C0557600000000000000000000000000000000012
S3151C0557700000000000000000000000000000000002
S3151C05578000000000000000000000000000000000F2
S3151C05579000000000000000000000000000000000E2
S3151C0557A000000000000000000000000000000000D2
S3151C0557B000000000000000000000000000000000C2
S3151C0557C000000000000000000000000000000000B2
S3151C0557D000000000000000000000000000000000A2
S3151C0557E00000000000000000000000000000000092
S3151C0557F00000000000000000000000000000000082
S3151C0558000000000000000000000000000000000071
S3151C0558100000000000000000000000000000000061
S3151C0558200000000000000000000000000000000051
S3151C0558300000000000000000000000000000000041
S3151C0558400000000000000000000000000000000031
S3151C0558500000000000000000000000000000000021
S3151C0558600000000000000000000000000000000011
S3151C0558700000000000000000000000000000000001
S3151C05588000000000000000000000000000000000F1
S3151C05589000000000000000000000000000000000E1
S3151C0558A000000000000000000000000000000000D1
S3151C0558B000000000000000000000000000000000C1
S3151C0558C000000000000000000000000000000000B1
S3151C0558D000000000000000000000000000000000A1
S3151C0558E00000000000000000000000000000000091
S3151C0558F00000000000000000000000000000000081
S3151C0559000000000000000000000000000000000070
S3151C0559100000000000000000000000000000000060
S3151C0559200000000000000000000000000000000050
S3151C0559300000000000000000000000000000000040
S3151C0559400000000000000000000000000000000030
S3151C0559500000000000000000000000000000000020
S3151C0559600000000000000000000000000000000010
S3151C0559700000000000000000000000000000000000
S3151C05598000000000000000000000000000000000F0
S3151C05599000000000000000000000000000000000E0
S3151C0559A000000000000000000000000000000000D0
S3151C0559B000000000000000000000000000000000C0
S3151C0559C000000000000000000000000000000000B0
S3151C0559D000000000000000000000000000000000A0
S3151C0559E00000000000000000000000000000000090
S3151C0559F00000000000000000000000000000000080
S3151C055A00000000000000000000000000000000006F
S3151C055A10000000000000000000000000000000005F
S3151C055A20000000000000000000000000000000004F
S3151C055A30000000000000000000000000000000003F
S3151C055A40000000000000000000000000000000002F
S3151C055A50000000000000000000000000000000001F
S3151C055A60000000000000000000000000000000000F
S3151C055A7000000000000000000000000000000000FF
S3151C055A8000000000000000000000000000000000EF
S3151C055A9000000000000000000000000000000000DF
S3151C055AA000000000000000000000000000000000CF
S3151C055AB000000000000000000000000000000000BF
S3151C055AC000000000000000000000000000000000AF
S3151C055AD0000000000000000000000000000000009F
S3151C055AE0000000000000000000000000000000008F
S3151C055AF0000000000000000000000000000000007F
S3151C055B00000000000000000000000000000000006E
S3151C055B10000000000000000000000000000000005E
S3151C055B20000000000000000000000000000000004E
S3151C055B30000000000000000000000000000000003E
S3151C055B40000000000000000000000000000000002E
S3151C055B50000000000000000000000000000000001E
S3151C055B60000000000000000000000000000000000E
S3151C055B7000000000000000000000000000000000FE
S3151C055B8000000000000000000000000000000000EE
S3151C055B9000000000000000000000000000000000DE
S3151C055BA000000000000000000000000000000000CE
S3151C055BB000000000000000000000000000000000BE
S3151C055BC000000000000000000000000000000000AE
S3151C055BD0000000000000000000000000000000009E
S3151C055BE0000000000000000000000000000000008E
S3151C055BF0000000000000000000000000000000007E
S3151C055C00000000000000000000000000000000006D
S3151C055C10000000000000000000000000000000005D
S3151C055C20000000000000000000000000000000004D
S3151C055C30000000000000000000000000000000003D
S3151C055C40000000000000000000000000000000002D
S3151C055C50000000000000000000000000000000001D
S3151C055C60000000000000000000000000000000000D
S3151C055C7000000000000000000000000000000000FD
S3151C055C8000000000000000000000000000000000ED
S3151C055C9000000000000000000000000000000000DD
S3151C055CA000000000000000000000000000000000CD
S3151C055CB000000000000000000000000000000000BD
S3151C055CC000000000000000000000000000000000AD
S3151C055CD0000000000000000000000000000000009D
S3151C055CE0000000000000000000000000000000008D
S3151C055CF0000000000000000000000000000000007D
S3151C055D00000000000000000000000000000000006C
S3151C055D10000000000000000000000000000000005C
S3151C055D20000000000000000000000000000000004C
S3151C055D30000000000000000000000000000000003C
S3151C055D40000000000000000000000000000000002C
S3151C055D50000000000000000000000000000000001C
S3151C055D60000000000000000000000000000000000C
S3151C055D7000000000000000000000000000000000FC
S3151C055D8000000000000000000000000000000000EC
S3151C055D9000000000000000000000000000000000DC
S3151C055DA000000000000000000000000000000000CC
S3151C055DB000000000000000000000000000000000BC
S3151C055DC000000000000000000000000000000000AC
S3151C055DD0000000000000000000000000000000009C
S3151C055DE0000000000000000000000000000000008C
S3151C055DF0000000000000000000000000000000007C
S3151C055E00000000000000000000000000000000006B
S3151C055E10000000000000000000000000000000005B
S3151C055E20000000000000000000000000000000004B
S3151C055E30000000000000000000000000000000003B
S3151C055E40000000000000000000000000000000002B
S3151C055E50000000000000000000000000000000001B
S3151C055E60000000000000000000000000000000000B
S3151C055E7000000000000000000000000000000000FB
S3151C055E8000000000000000000000000000000000EB
S3151C055E9000000000000000000000000000000000DB
S3151C055EA000000000000000000000000000000000CB
S3151C055EB000000000000000000000000000000000BB
S3151C055EC000000000000000000000000000000000AB
S3151C055ED0000000000000000000000000000000009B
S3151C055EE0000000000000000000000000000000008B
S3151C055EF0000000000000000000000000000000007B
S3151C055F00000000000000000000000000000000006A
S3151C055F10000000000000000000000000000000005A
S3151C055F20000000000000000000000000000000004A
S3151C055F30000000000000000000000000000000003A
S3151C055F40000000000000000000000000000000002A
S3151C055F50000000000000000000000000000000001A
S3151C055F60000000000000000000000000000000000A
S3151C055F7000000000000000000000000000000000FA
S3151C055F8000000000000000000000000000000000EA
S3151C055F9000000000000000000000000000000000DA
S3151C055FA000000000000000000000000000000000CA
S3151C055FB000000000000000000000000000000000BA
S3151C055FC000000000000000000000000000000000AA
S3151C055FD0000000000000000000000000000000009A
S3151C055FE0000000000000000000000000000000008A
S3151C055FF0000000000000000000000000000000007A
S3151C0560000000000000000000000000000000000069
S3151C0560100000000000000000000000000000000059
S3151C0560200000000000000000000000000000000049
S3151C0560300000000000000000000000000000000039
S3151C0560400000000000000000000000000000000029
S3151C0560500000000000000000000000000000000019
S3151C0560600000000000000000000000000000000009
S3151C05607000000000000000000000000000000000F9
S3151C05608000000000000000000000000000000000E9
S3151C05609000000000000000000000000000000000D9
S3151C0560A000000000000000000000000000000000C9
S3151C0560B000000000000000000000000000000000B9
S3151C0560C000000000000000000000000000000000A9
S3151C0560D00000000000000000000000000000000099
S3151C0560E00000000000000000000000000000000089
S3151C0560F00000000000000000000000000000000079
S3151C0561000000000000000000000000000000000068
S3151C0561100000000000000000000000000000000058
S3151C0561200000000000000000000000000000000048
S3151C0561300000000000000000000000000000000038
S3151C0561400000000000000000000000000000000028
S3151C0561500000000000000000000000000000000018
S3151C0561600000000000000000000000000000000008
S3151C05617000000000000000000000000000000000F8
S3151C05618000000000000000000000000000000000E8
S3151C05619000000000000000000000000000000000D8
S3151C0561A000000000000000000000000000000000C8
S3151C0561B000000000000000000000000000000000B8
S3151C0561C000000000000000000000000000000000A8
S3151C0561D00000000000000000000000000000000098
S3151C0561E00000000000000000000000000000000088
S3151C0561F00000000000000000000000000000000078
S3151C0562000000000000000000000000000000000067
S3151C0562100000000000000000000000000000000057
S3151C0562200000000000000000000000000000000047
S3151C0562300000000000000000000000000000000037
S3151C0562400000000000000000000000000000000027
S3151C0562500000000000000000000000000000000017
S3151C0562600000000000000000000000000000000007
S3151C05627000000000000000000000000000000000F7
S3151C05628000000000000000000000000000000000E7
S3151C05629000000000000000000000000000000000D7
S3151C0562A000000000000000000000000000000000C7
S3151C0562B000000000000000000000000000000000B7
S3151C0562C000000000000000000000000000000000A7
S3151C0562D00000000000000000000000000000000097
S3151C0562E00000000000000000000000000000000087
S3151C0562F00000000000000000000000000000000077
S3151C0563000000000000000000000000000000000066
S3151C0563100000000000000000000000000000000056
S3151C0563200000000000000000000000000000000046
S3151C0563300000000000000000000000000000000036
S3151C0563400000000000000000000000000000000026
S3151C0563500000000000000000000000000000000016
S3151C0563600000000000000000000000000000000006
S3151C05637000000000000000000000000000000000F6
S3151C05638000000000000000000000000000000000E6
S3151C05639000000000000000000000000000000000D6
S3151C0563A000000000000000000000000000000000C6
S3151C0563B000000000000000000000000000000000B6
S3151C0563C000000000000000000000000000000000A6
S3151C0563D00000000000000000000000000000000096
S3151C0563E00000000000000000000000000000000086
S3151C0563F00000000000000000000000000000000076
S3151C0564000000000000000000000000000000000065
S3151C0564100000000000000000000000000000000055
S3151C0564200000000000000000000000000000000045
S3151C0564300000000000000000000000000000000035
S3151C0564400000000000000000000000000000000025
S3151C0564500000000000000000000000000000000015
S3151C0564600000000000000000000000000000000005
S3151C05647000000000000000000000000000000000F5
S3151C05648000000000000000000000000000000000E5
S3151C05649000000000000000000000000000000000D5
S3151C0564A000000000000000000000000000000000C5
S3151C0564B000000000000000000000000000000000B5
S3151C0564C000000000000000000000000000000000A5
S3151C0564D00000000000000000000000000000000095
S3151C0564E00000000000000000000000000000000085
S3151C0564F00000000000000000000000000000000075
S3151C0565000000000000000000000000000000000064
S3151C0565100000000000000000000000000000000054
S3151C0565200000000000000000000000000000000044
S3151C0565300000000000000000000000000000000034
S3151C0565400000000000000000000000000000000024
S3151C0565500000000000000000000000000000000014
S3151C0565600000000000000000000000000000000004
S3151C05657000000000000000000000000000000000F4
S3151C05658000000000000000000000000000000000E4
S3151C05659000000000000000000000000000000000D4
S3151C0565A000000000000000000000000000000000C4
S3151C0565B000000000000000000000000000000000B4
S3151C0565C000000000000000000000000000000000A4
S3151C0565D00000000000000000000000000000000094
S3151C0565E00000000000000000000000000000000084
S3151C0565F00000000000000000000000000000000074
S3151C0566000000000000000000000000000000000063
S3151C0566100000000000000000000000000000000053
S3151C0566200000000000000000000000000000000043
S3151C0566300000000000000000000000000000000033
S3151C0566400000000000000000000000000000000023
S3151C0566500000000000000000000000000000000013
S3151C0566600000000000000000000000000000000003
S3151C05667000000000000000000000000000000000F3
S3151C05668000000000000000000000000000000000E3
S3151C05669000000000000000000000000000000000D3
S3151C0566A000000000000000000000000000000000C3
S3151C0566B000000000000000000000000000000000B3
S3151C0566C000000000000000000000000000000000A3
S3151C0566D00000000000000000000000000000000093
S3151C0566E00000000000000000000000000000000083
S3151C0566F00000000000000000000000000000000073
S3151C0567000000000000000000000000000000000062
S3151C0567100000000000000000000000000000000052
S3151C0567200000000000000000000000000000000042
S3151C0567300000000000000000000000000000000032
S3151C0567400000000000000000000000000000000022
S3151C0567500000000000000000000000000000000012
S3151C0567600000000000000000000000000000000002
S3151C05677000000000000000000000000000000000F2
S3151C05678000000000000000000000000000000000E2
S3151C05679000000000000000000000000000000000D2
S3151C0567A000000000000000000000000000000000C2
S3151C0567B000000000000000000000000000000000B2
S3151C0567C000000000000000000000000000000000A2
S3151C0567D00000000000000000000000000000000092
S3151C0567E00000000000000000000000000000000082
S3151C0567F00000000000000000000000000000000072
S3151C0568000000000000000000000000000000000061
S3151C0568100000000000000000000000000000000051
S3151C0568200000000000000000000000000000000041
S3151C0568300000000000000000000000000000000031
S3151C0568400000000000000000000000000000000021
S3151C0568500000000000000000000000000000000011
S3151C0568600000000000000000000000000000000001
S3151C05687000000000000000000000000000000000F1
S3151C05688000000000000000000000000000000000E1
S3151C05689000000000000000000000000000000000D1
S3151C0568A000000000000000000000000000000000C1
S3151C0568B000000000000000000000000000000000B1
S3151C0568C000000000000000000000000000000000A1
S3151C0568D00000000000000000000000000000000091
S3151C0568E00000000000000000000000000000000081
S3151C0568F00000000000000000000000000000000071
S3151C0569000000000000000000000000000000000060
S3151C0569100000000000000000000000000000000050
S3151C0569200000000000000000000000000000000040
S3151C0569300000000000000000000000000000000030
S3151C0569400000000000000000000000000000000020
S3151C0569500000000000000000000000000000000010
S3151C0569600000000000000000000000000000000000
S3151C05697000000000000000000000000000000000F0
S3151C05698000000000000000000000000000000000E0
S3151C05699000000000000000000000000000000000D0
S3151C0569A000000000000000000000000000000000C0
S3151C0569B000000000000000000000000000000000B0
S3151C0569C000000000000000000000000000000000A0
S3151C0569D00000000000000000000000000000000090
S3151C0569E00000000000000000000000000000000080
S3151C0569F00000000000000000000000000000000070
S3151C056A00000000000000000000000000000000005F
S3151C056A10000000000000000000000000000000004F
S3151C056A20000000000000000000000000000000003F
S3151C056A30000000000000000000000000000000002F
S3151C056A40000000000000000000000000000000001F
S3151C056A50000000000000000000000000000000000F
S3151C056A6000000000000000000000000000000000FF
S3151C056A7000000000000000000000000000000000EF
S3151C056A8000000000000000000000000000000000DF
S3151C056A9000000000000000000000000000000000CF
S3151C056AA000000000000000000000000000000000BF
S3151C056AB000000000000000000000000000000000AF
S3151C056AC0000000000000000000000000000000009F
S3151C056AD0000000000000000000000000000000008F
S3151C056AE0000000000000000000000000000000007F
S3151C056AF0000000000000000000000000000000006F
S3151C056B00000000000000000000000000000000005E
S3151C056B10000000000000000000000000000000004E
S3151C056B20000000000000000000000000000000003E
S3151C056B30000000000000000000000000000000002E
S3151C056B40000000000000000000000000000000001E
S3151C056B50000000000000000000000000000000000E
S3151C056B6000000000000000000000000000000000FE
S3151C056B7000000000000000000000000000000000EE
S3151C056B8000000000000000000000000000000000DE
S3151C056B9000000000000000000000000000000000CE
S3151C056BA000000000000000000000000000000000BE
S3151C056BB000000000000000000000000000000000AE
S3151C056BC0000000000000000000000000000000009E
S3151C056BD0000000000000000000000000000000008E
S3151C056BE0000000000000000000000000000000007E
S3151C056BF0000000000000000000000000000000006E
S3151C056C00000000000000000000000000000000005D
S3151C056C10000000000000000000000000000000004D
S3151C056C20000000000000000000000000000000003D
S3151C056C30000000000000000000000000000000002D
S3151C056C40000000000000000000000000000000001D
S3151C056C50000000000000000000000000000000000D
S3151C056C6000000000000000000000000000000000FD
S3151C056C7000000000000000000000000000000000ED
S3151C056C8000000000000000000000000000000000DD
S3151C056C9000000000000000000000000000000000CD
S3151C056CA000000000000000000000000000000000BD
S3151C056CB000000000000000000000000000000000AD
S3151C056CC0000000000000000000000000000000009D
S3151C056CD0000000000000000000000000000000008D
S3151C056CE0000000000000000000000000000000007D
S3151C056CF0000000000000000000000000000000006D
S3151C056D00000000000000000000000000000000005C
S3151C056D10000000000000000000000000000000004C
S3151C056D20000000000000000000000000000000003C
S3151C056D30000000000000000000000000000000002C
S3151C056D40000000000000000000000000000000001C
S3151C056D50000000000000000000000000000000000C
S3151C056D6000000000000000000000000000000000FC
S3151C056D7000000000000000000000000000000000EC
S3151C056D8000000000000000000000000000000000DC
S3151C056D9000000000000000000000000000000000CC
S3151C056DA000000000000000000000000000000000BC
S3151C056DB000000000000000000000000000000000AC
S3151C056DC0000000000000000000000000000000009C
S3151C056DD0000000000000000000000000000000008C
S3151C056DE0000000000000000000000000000000007C
S3151C056DF0000000000000000000000000000000006C
S3151C056E00000000000000000000000000000000005B
S3151C056E10000000000000000000000000000000004B
S3151C056E20000000000000000000000000000000003B
S3151C056E30000000000000000000000000000000002B
S3151C056E40000000000000000000000000000000001B
S3151C056E50000000000000000000000000000000000B
S3151C056E6000000000000000000000000000000000FB
S3151C056E7000000000000000000000000000000000EB
S3151C056E8000000000000000000000000000000000DB
S3151C056E9000000000000000000000000000000000CB
S3151C056EA000000000000000000000000000000000BB
S3151C056EB000000000000000000000000000000000AB
S3151C056EC0000000000000000000000000000000009B
S3151C056ED0000000000000000000000000000000008B
S3151C056EE0000000000000000000000000000000007B
S3151C056EF0000000000000000000000000000000006B
S3151C056F00000000000000000000000000000000005A
S3151C056F10000000000000000000000000000000004A
S3151C056F20000000000000000000000000000000003A
S3151C056F30000000000000000000000000000000002A
S3151C056F40000000000000000000000000000000001A
S3151C056F50000000000000000000000000000000000A
S3151C056F6000000000000000000000000000000000FA
S3151C056F7000000000000000000000000000000000EA
S3151C056F8000000000000000000000000000000000DA
S3151C056F9000000000000000000000000000000000CA
S3151C056FA000000000000000000000000000000000BA
S3151C056FB000000000000000000000000000000000AA
S3151C056FC0000000000000000000000000000000009A
S3151C056FD0000000000000000000000000000000008A
S3151C056FE0000000000000000000000000000000007A
S3151C056FF0000000000000000000000000000000006A
S3151C0570000000000000000000000000000000000059
S3151C0570100000000000000000000000000000000049
S3151C0570200000000000000000000000000000000039
S3151C0570300000000000000000000000000000000029
S3151C0570400000000000000000000000000000000019
S3151C0570500000000000000000000000000000000009
S3151C05706000000000000000000000000000000000F9
S3151C05707000000000000000000000000000000000E9
S3151C05708000000000000000000000000000000000D9
S3151C05709000000000000000000000000000000000C9
S3151C0570A000000000000000000000000000000000B9
S3151C0570B000000000000000000000000000000000A9
S3151C0570C00000000000000000000000000000000099
S3151C0570D00000000000000000000000000000000089
S3151C0570E00000000000000000000000000000000079
S3151C0570F00000000000000000000000000000000069
S3151C0571000000000000000000000000000000000058
S3151C0571100000000000000000000000000000000048
S3151C0571200000000000000000000000000000000038
S3151C0571300000000000000000000000000000000028
S3151C0571400000000000000000000000000000000018
S3151C0571500000000000000000000000000000000008
S3151C05716000000000000000000000000000000000F8
S3151C05717000000000000000000000000000000000E8
S3151C05718000000000000000000000000000000000D8
S3151C05719000000000000000000000000000000000C8
S3151C0571A000000000000000000000000000000000B8
S3151C0571B000000000000000000000000000000000A8
S3151C0571C00000000000000000000000000000000098
S3151C0571D00000000000000000000000000000000088
S3151C0571E00000000000000000000000000000000078
S3151C0571F00000000000000000000000000000000068
S3151C0572000000000000000000000000000000000057
S3151C0572100000000000000000000000000000000047
S3151C0572200000000000000000000000000000000037
S3151C0572300000000000000000000000000000000027
S3151C0572400000000000000000000000000000000017
S3151C0572500000000000000000000000000000000007
S3151C05726000000000000000000000000000000000F7
S3151C05727000000000000000000000000000000000E7
S3151C05728000000000000000000000000000000000D7
S3151C05729000000000000000000000000000000000C7
S3151C0572A000000000000000000000000000000000B7
S3151C0572B000000000000000000000000000000000A7
S3151C0572C00000000000000000000000000000000097
S3151C0572D00000000000000000000000000000000087
S3151C0572E00000000000000000000000000000000077
S3151C0572F00000000000000000000000000000000067
S3151C0573000000000000000000000000000000000056
S3151C0573100000000000000000000000000000000046
S3151C0573200000000000000000000000000000000036
S3151C0573300000000000000000000000000000000026
S3151C0573400000000000000000000000000000000016
S3151C0573500000000000000000000000000000000006
S3151C05736000000000000000000000000000000000F6
S3151C05737000000000000000000000000000000000E6
S3151C05738000000000000000000000000000000000D6
S3151C05739000000000000000000000000000000000C6
S3151C0573A000000000000000000000000000000000B6
S3151C0573B000000000000000000000000000000000A6
S3151C0573C00000000000000000000000000000000096
S3151C0573D00000000000000000000000000000000086
S3151C0573E00000000000000000000000000000000076
S3151C0573F00000000000000000000000000000000066
S3151C0574000000000000000000000000000000000055
S3151C0574100000000000000000000000000000000045
S3151C0574200000000000000000000000000000000035
S3151C0574300000000000000000000000000000000025
S3151C0574400000000000000000000000000000000015
S3151C0574500000000000000000000000000000000005
S3151C05746000000000000000000000000000000000F5
S3151C05747000000000000000000000000000000000E5
S3151C05748000000000000000000000000000000000D5
S3151C05749000000000000000000000000000000000C5
S3151C0574A000000000000000000000000000000000B5
S3151C0574B000000000000000000000000000000000A5
S3151C0574C00000000000000000000000000000000095
S3151C0574D00000000000000000000000000000000085
S3151C0574E00000000000000000000000000000000075
S3151C0574F00000000000000000000000000000000065
S3151C0575000000000000000000000000000000000054
S3151C0575100000000000000000000000000000000044
S3151C0575200000000000000000000000000000000034
S3151C0575300000000000000000000000000000000024
S3151C0575400000000000000000000000000000000014
S3151C0575500000000000000000000000000000000004
S3151C05756000000000000000000000000000000000F4
S3151C05757000000000000000000000000000000000E4
S3151C05758000000000000000000000000000000000D4
S3151C05759000000000000000000000000000000000C4
S3151C0575A000000000000000000000000000000000B4
S3151C0575B000000000000000000000000000000000A4
S3151C0575C00000000000000000000000000000000094
S3151C0575D00000000000000000000000000000000084
S3151C0575E00000000000000000000000000000000074
S3151C0575F00000000000000000000000000000000064
S3151C0576000000000000000000000000000000000053
S3151C0576100000000000000000000000000000000043
S3151C0576200000000000000000000000000000000033
S3151C0576300000000000000000000000000000000023
S3151C0576400000000000000000000000000000000013
S3151C0576500000000000000000000000000000000003
S3151C05766000000000000000000000000000000000F3
S3151C05767000000000000000000000000000000000E3
S3151C05768000000000000000000000000000000000D3
S3151C05769000000000000000000000000000000000C3
S3151C0576A000000000000000000000000000000000B3
S3151C0576B000000000000000000000000000000000A3
S3151C0576C00000000000000000000000000000000093
S3151C0576D00000000000000000000000000000000083
S3151C0576E00000000000000000000000000000000073
S3151C0576F00000000000000000000000000000000063
S3151C0577000000000000000000000000000000000052
S3151C0577100000000000000000000000000000000042
S3151C0577200000000000000000000000000000000032
S3151C0577300000000000000000000000000000000022
S3151C0577400000000000000000000000000000000012
S3151C0577500000000000000000000000000000000002
S3151C05776000000000000000000000000000000000F2
S3151C05777000000000000000000000000000000000E2
S3151C05778000000000000000000000000000000000D2
S3151C05779000000000000000000000000000000000C2
S3151C0577A000000000000000000000000000000000B2
S3151C0577B000000000000000000000000000000000A2
S3151C0577C00000000000000000000000000000000092
S3151C0577D00000000000000000000000000000000082
S3151C0577E00000000000000000000000000000000072
S3151C0577F00000000000000000000000000000000062
S3151C0578000000000000000000000000000000000051
S3151C0578100000000000000000000000000000000041
S3151C0578200000000000000000000000000000000031
S3151C0578300000000000000000000000000000000021
S3151C0578400000000000000000000000000000000011
S3151C0578500000000000000000000000000000000001
S3151C05786000000000000000000000000000000000F1
S3151C05787000000000000000000000000000000000E1
S3151C05788000000000000000000000000000000000D1
S3151C05789000000000000000000000000000000000C1
S3151C0578A000000000000000000000000000000000B1
S3151C0578B000000000000000000000000000000000A1
S3151C0578C00000000000000000000000000000000091
S3151C0578D00000000000000000000000000000000081
S3151C0578E00000000000000000000000000000000071
S3151C0578F00000000000000000000000000000000061
S3151C0579000000000000000000000000000000000050
S3151C0579100000000000000000000000000000000040
S3151C0579200000000000000000000000000000000030
S3151C0579300000000000000000000000000000000020
S3151C0579400000000000000000000000000000000010
S3151C0579500000000000000000000000000000000000
S3151C05796000000000000000000000000000000000F0
S3151C05797000000000000000000000000000000000E0
S3151C05798000000000000000000000000000000000D0
S3151C05799000000000000000000000000000000000C0
S3151C0579A000000000000000000000000000000000B0
S3151C0579B000000000000000000000000000000000A0
S3151C0579C00000000000000000000000000000000090
S3151C0579D00000000000000000000000000000000080
S3151C0579E00000000000000000000000000000000070
S3151C0579F00000000000000000000000000000000060
S3151C057A00000000000000000000000000000000004F
S3151C057A10000000000000000000000000000000003F
S3151C057A20000000000000000000000000000000002F
S3151C057A30000000000000000000000000000000001F
S3151C057A40000000000000000000000000000000000F
S3151C057A5000000000000000000000000000000000FF
S3151C057A6000000000000000000000000000000000EF
S3151C057A7000000000000000000000000000000000DF
S3151C057A8000000000000000000000000000000000CF
S3151C057A9000000000000000000000000000000000BF
S3151C057AA000000000000000000000000000000000AF
S3151C057AB0000000000000000000000000000000009F
S3151C057AC0000000000000000000000000000000008F
S3151C057AD0000000000000000000000000000000007F
S3151C057AE0000000000000000000000000000000006F
S3151C057AF0000000000000000000000000000000005F
S3151C057B00000000000000000000000000000000004E
S3151C057B10000000000000000000000000000000003E
S3151C057B20000000000000000000000000000000002E
S3151C057B30000000000000000000000000000000001E
S3151C057B40000000000000000000000000000000000E
S3151C057B5000000000000000000000000000000000FE
S3151C057B6000000000000000000000000000000000EE
S3151C057B7000000000000000000000000000000000DE
S3151C057B8000000000000000000000000000000000CE
S3151C057B9000000000000000000000000000000000BE
S3151C057BA000000000000000000000000000000000AE
S3151C057BB0000000000000000000000000000000009E
S3151C057BC0000000000000000000000000000000008E
S3151C057BD0000000000000000000000000000000007E
S3151C057BE0000000000000000000000000000000006E
S3151C057BF0000000000000000000000000000000005E
S3151C057C00000000000000000000000000000000004D
S3151C057C10000000000000000000000000000000003D
S3151C057C20000000000000000000000000000000002D
S3151C057C30000000000000000000000000000000001D
S3151C057C40000000000000000000000000000000000D
S3151C057C5000000000000000000000000000000000FD
S3151C057C6000000000000000000000000000000000ED
S3151C057C7000000000000000000000000000000000DD
S3151C057C8000000000000000000000000000000000CD
S3151C057C9000000000000000000000000000000000BD
S3151C057CA000000000000000000000000000000000AD
S3151C057CB0000000000000000000000000000000009D
S3151C057CC0000000000000000000000000000000008D
S3151C057CD0000000000000000000000000000000007D
S3151C057CE0000000000000000000000000000000006D
S3151C057CF0000000000000000000000000000000005D
S3151C057D00000000000000000000000000000000004C
S3151C057D10000000000000000000000000000000003C
S3151C057D20000000000000000000000000000000002C
S3151C057D30000000000000000000000000000000001C
S3151C057D40000000000000000000000000000000000C
S3151C057D5000000000000000000000000000000000FC
S3151C057D6000000000000000000000000000000000EC
S3151C057D7000000000000000000000000000000000DC
S3151C057D8000000000000000000000000000000000CC
S3151C057D9000000000000000000000000000000000BC
S3151C057DA000000000000000000000000000000000AC
S3151C057DB0000000000000000000000000000000009C
S3151C057DC0000000000000000000000000000000008C
S3151C057DD0000000000000000000000000000000007C
S3151C057DE0000000000000000000000000000000006C
S3151C057DF0000000000000000000000000000000005C
S3151C057E00000000000000000000000000000000004B
S3151C057E10000000000000000000000000000000003B
S3151C057E20000000000000000000000000000000002B
S3151C057E30000000000000000000000000000000001B
S3151C057E40000000000000000000000000000000000B
S3151C057E5000000000000000000000000000000000FB
S3151C057E6000000000000000000000000000000000EB
S3151C057E7000000000000000000000000000000000DB
S3151C057E8000000000000000000000000000000000CB
S3151C057E9000000000000000000000000000000000BB
S3151C057EA000000000000000000000000000000000AB
S3151C057EB0000000000000000000000000000000009B
S3151C057EC0000000000000000000000000000000008B
S3151C057ED0000000000000000000000000000000007B
S3151C057EE0000000000000000000000000000000006B
S3151C057EF0000000000000000000000000000000005B
S3151C057F00000000000000000000000000000000004A
S3151C057F10000000000000000000000000000000003A
S3151C057F20000000000000000000000000000000002A
S3151C057F30000000000000000000000000000000001A
S3151C057F40000000000000000000000000000000000A
S3151C057F5000000000000000000000000000000000FA
S3151C057F6000000000000000000000000000000000EA
S3151C057F7000000000000000000000000000000000DA
S3151C057F8000000000000000000000000000000000CA
S3151C057F9000000000000000000000000000000000BA
S3151C057FA000000000000000000000000000000000AA
S3151C057FB0000000000000000000000000000000009A
S3151C057FC0000000000000000000000000000000008A
S3151C057FD0000000000000000000000000000000007A
S3151C057FE0000000000000000000000000000000006A
S3151C057FF0000000000000000000000000000000005A
S3151C0580000000000000000000000000000000000049
S3151C0580100000000000000000000000000000000039
S3151C0580200000000000000000000000000000000029
S3151C0580300000000000000000000000000000000019
S3151C0580400000000000000000000000000000000009
S3151C05805000000000000000000000000000000000F9
S3151C05806000000000000000000000000000000000E9
S3151C05807000000000000000000000000000000000D9
S3151C05808000000000000000000000000000000000C9
S3151C05809000000000000000000000000000000000B9
S3151C0580A000000000000000000000000000000000A9
S3151C0580B00000000000000000000000000000000099
S3151C0580C00000000000000000000000000000000089
S3151C0580D00000000000000000000000000000000079
S3151C0580E00000000000000000000000000000000069
S3151C0580F00000000000000000000000000000000059
S3151C0581000000000000000000000000000000000048
S3151C0581100000000000000000000000000000000038
S3151C0581200000000000000000000000000000000028
S3151C0581300000000000000000000000000000000018
S3151C0581400000000000000000000000000000000008
S3151C05815000000000000000000000000000000000F8
S3151C05816000000000000000000000000000000000E8
S3151C05817000000000000000000000000000000000D8
S3151C05818000000000000000000000000000000000C8
S3151C05819000000000000000000000000000000000B8
S3151C0581A000000000000000000000000000000000A8
S3151C0581B00000000000000000000000000000000098
S3151C0581C00000000000000000000000000000000088
S3151C0581D00000000000000000000000000000000078
S3151C0581E00000000000000000000000000000000068
S3151C0581F00000000000000000000000000000000058
S3151C0582000000000000000000000000000000000047
S3151C0582100000000000000000000000000000000037
S3151C0582200000000000000000000000000000000027
S3151C0582300000000000000000000000000000000017
S3151C0582400000000000000000000000000000000007
S3151C05825000000000000000000000000000000000F7
S3151C05826000000000000000000000000000000000E7
S3151C05827000000000000000000000000000000000D7
S3151C05828000000000000000000000000000000000C7
S3151C05829000000000000000000000000000000000B7
S3151C0582A000000000000000000000000000000000A7
S3151C0582B00000000000000000000000000000000097
S3151C0582C00000000000000000000000000000000087
S3151C0582D00000000000000000000000000000000077
S3151C0582E00000000000000000000000000000000067
S3151C0582F00000000000000000000000000000000057
S3151C0583000000000000000000000000000000000046
S3151C0583100000000000000000000000000000000036
S3151C0583200000000000000000000000000000000026
S3151C0583300000000000000000000000000000000016
S3151C0583400000000000000000000000000000000006
S3151C05835000000000000000000000000000000000F6
S3151C05836000000000000000000000000000000000E6
S3151C05837000000000000000000000000000000000D6
S3151C05838000000000000000000000000000000000C6
S3151C05839000000000000000000000000000000000B6
S3151C0583A000000000000000000000000000000000A6
S3151C0583B00000000000000000000000000000000096
S3151C0583C00000000000000000000000000000000086
S3151C0583D00000000000000000000000000000000076
S3151C0583E00000000000000000000000000000000066
S3151C0583F00000000000000000000000000000000056
S3151C0584000000000000000000000000000000000045
S3151C0584100000000000000000000000000000000035
S3151C0584200000000000000000000000000000000025
S3151C0584300000000000000000000000000000000015
S3151C0584400000000000000000000000000000000005
S3151C05845000000000000000000000000000000000F5
S3151C05846000000000000000000000000000000000E5
S3151C05847000000000000000000000000000000000D5
S3151C05848000000000000000000000000000000000C5
S3151C05849000000000000000000000000000000000B5
S3151C0584A000000000000000000000000000000000A5
S3151C0584B00000000000000000000000000000000095
S3151C0584C00000000000000000000000000000000085
S3151C0584D00000000000000000000000000000000075
S3151C0584E00000000000000000000000000000000065
S3151C0584F00000000000000000000000000000000055
S3151C0585000000000000000000000000000000000044
S3151C0585100000000000000000000000000000000034
S3151C0585200000000000000000000000000000000024
S3151C0585300000000000000000000000000000000014
S3151C0585400000000000000000000000000000000004
S3151C05855000000000000000000000000000000000F4
S3151C05856000000000000000000000000000000000E4
S3151C05857000000000000000000000000000000000D4
S3151C05858000000000000000000000000000000000C4
S3151C05859000000000000000000000000000000000B4
S3151C0585A000000000000000000000000000000000A4
S3151C0585B00000000000000000000000000000000094
S3151C0585C00000000000000000000000000000000084
S3151C0585D00000000000000000000000000000000074
S3151C0585E00000000000000000000000000000000064
S3151C0585F00000000000000000000000000000000054
S3151C0586000000000000000000000000000000000043
S3151C0586100000000000000000000000000000000033
S3151C0586200000000000000000000000000000000023
S3151C0586300000000000000000000000000000000013
S3151C0586400000000000000000000000000000000003
S3151C05865000000000000000000000000000000000F3
S3151C05866000000000000000000000000000000000E3
S3151C05867000000000000000000000000000000000D3
S3151C05868000000000000000000000000000000000C3
S3151C05869000000000000000000000000000000000B3
S3151C0586A000000000000000000000000000000000A3
S3151C0586B00000000000000000000000000000000093
S3151C0586C00000000000000000000000000000000083
S3151C0586D00000000000000000000000000000000073
S3151C0586E00000000000000000000000000000000063
S3151C0586F00000000000000000000000000000000053
S3151C0587000000000000000000000000000000000042
S3151C0587100000000000000000000000000000000032
S3151C0587200000000000000000000000000000000022
S3151C0587300000000000000000000000000000000012
S3151C0587400000000000000000000000000000000002
S3151C05875000000000000000000000000000000000F2
S3151C05876000000000000000000000000000000000E2
S3151C05877000000000000000000000000000000000D2
S3151C05878000000000000000000000000000000000C2
S3151C05879000000000000000000000000000000000B2
S3151C0587A000000000000000000000000000000000A2
S3151C0587B00000000000000000000000000000000092
S3151C0587C00000000000000000000000000000000082
S3151C0587D00000000000000000000000000000000072
S3151C0587E00000000000000000000000000000000062
S3151C0587F00000000000000000000000000000000052
S3151C0588000000000000000000000000000000000041
S3151C0588100000000000000000000000000000000031
S3151C0588200000000000000000000000000000000021
S3151C0588300000000000000000000000000000000011
S3151C0588400000000000000000000000000000000001
S3151C05885000000000000000000000000000000000F1
S3151C05886000000000000000000000000000000000E1
S3151C05887000000000000000000000000000000000D1
S3151C05888000000000000000000000000000000000C1
S3151C05889000000000000000000000000000000000B1
S3151C0588A000000000000000000000000000000000A1
S3151C0588B00000000000000000000000000000000091
S3151C0588C00000000000000000000000000000000081
S3151C0588D00000000000000000000000000000000071
S3151C0588E00000000000000000000000000000000061
S3151C0588F00000000000000000000000000000000051
S3151C0589000000000000000000000000000000000040
S3151C0589100000000000000000000000000000000030
S3151C0589200000000000000000000000000000000020
S3151C0589300000000000000000000000000000000010
S3151C0589400000000000000000000000000000000000
S3151C05895000000000000000000000000000000000F0
S3151C05896000000000000000000000000000000000E0
S3151C05897000000000000000000000000000000000D0
S3151C05898000000000000000000000000000000000C0
S3151C05899000000000000000000000000000000000B0
S3151C0589A000000000000000000000000000000000A0
S3151C0589B00000000000000000000000000000000090
S3151C0589C00000000000000000000000000000000080
S3151C0589D00000000000000000000000000000000070
S3151C0589E00000000000000000000000000000000060
S3151C0589F00000000000000000000000000000000050
S3151C058A00000000000000000000000000000000003F
S3151C058A10000000000000000000000000000000002F
S3151C058A20000000000000000000000000000000001F
S3151C058A30000000000000000000000000000000000F
S3151C058A4000000000000000000000000000000000FF
S3151C058A5000000000000000000000000000000000EF
S3151C058A6000000000000000000000000000000000DF
S3151C058A7000000000000000000000000000000000CF
S3151C058A8000000000000000000000000000000000BF
S3151C058A9000000000000000000000000000000000AF
S3151C058AA0000000000000000000000000000000009F
S3151C058AB0000000000000000000000000000000008F
S3151C058AC0000000000000000000000000000000007F
S3151C058AD0000000000000000000000000000000006F
S3151C058AE0000000000000000000000000000000005F
S3151C058AF0000000000000000000000000000000004F
S3151C058B00000000000000000000000000000000003E
S3151C058B10000000000000000000000000000000002E
S3151C058B20000000000000000000000000000000001E
S3151C058B30000000000000000000000000000000000E
S3151C058B4000000000000000000000000000000000FE
S3151C058B5000000000000000000000000000000000EE
S3151C058B6000000000000000000000000000000000DE
S3151C058B7000000000000000000000000000000000CE
S3151C058B8000000000000000000000000000000000BE
S3151C058B9000000000000000000000000000000000AE
S3151C058BA0000000000000000000000000000000009E
S3151C058BB0000000000000000000000000000000008E
S3151C058BC0000000000000000000000000000000007E
S3151C058BD0000000000000000000000000000000006E
S3151C058BE0000000000000000000000000000000005E
S3151C058BF0000000000000000000000000000000004E
S3151C058C00000000000000000000000000000000003D
S3151C058C10000000000000000000000000000000002D
S3151C058C20000000000000000000000000000000001D
S3151C058C30000000000000000000000000000000000D
S3151C058C4000000000000000000000000000000000FD
S3151C058C5000000000000000000000000000000000ED
S3151C058C6000000000000000000000000000000000DD
S3151C058C7000000000000000000000000000000000CD
S3151C058C8000000000000000000000000000000000BD
S3151C058C9000000000000000000000000000000000AD
S3151C058CA0000000000000000000000000000000009D
S3151C058CB0000000000000000000000000000000008D
S3151C058CC0000000000000000000000000000000007D
S3151C058CD0000000000000000000000000000000006D
S3151C058CE0000000000000000000000000000000005D
S3151C058CF0000000000000000000000000000000004D
S3151C058D00000000000000000000000000000000003C
S3151C058D10000000000000000000000000000000002C
S3151C058D20000000000000000000000000000000001C
S3151C058D30000000000000000000000000000000000C
S3151C058D4000000000000000000000000000000000FC
S3151C058D5000000000000000000000000000000000EC
S3151C058D6000000000000000000000000000000000DC
S3151C058D7000000000000000000000000000000000CC
S3151C058D8000000000000000000000000000000000BC
S3151C058D9000000000000000000000000000000000AC
S3151C058DA0000000000000000000000000000000009C
S3151C058DB0000000000000000000000000000000008C
S3151C058DC0000000000000000000000000000000007C
S3151C058DD0000000000000000000000000000000006C
S3151C058DE0000000000000000000000000000000005C
S3151C058DF0000000000000000000000000000000004C
S3151C058E00000000000000000000000000000000003B
S3151C058E10000000000000000000000000000000002B
S3151C058E20000000000000000000000000000000001B
S3151C058E30000000000000000000000000000000000B
S3151C058E4000000000000000000000000000000000FB
S3151C058E5000000000000000000000000000000000EB
S3151C058E6000000000000000000000000000000000DB
S3151C058E7000000000000000000000000000000000CB
S3151C058E8000000000000000000000000000000000BB
S3151C058E9000000000000000000000000000000000AB
S3151C058EA0000000000000000000000000000000009B
S3151C058EB0000000000000000000000000000000008B
S3151C058EC0000000000000000000000000000000007B
S3151C058ED0000000000000000000000000000000006B
S3151C058EE0000000000000000000000000000000005B
S3151C058EF0000000000000000000000000000000004B
S3151C058F00000000000000000000000000000000003A
S3151C058F10000000000000000000000000000000002A
S3151C058F20000000000000000000000000000000001A
S3151C058F30000000000000000000000000000000000A
S3151C058F4000000000000000000000000000000000FA
S3151C058F5000000000000000000000000000000000EA
S3151C058F6000000000000000000000000000000000DA
S3151C058F7000000000000000000000000000000000CA
S3151C058F8000000000000000000000000000000000BA
S3151C058F9000000000000000000000000000000000AA
S3151C058FA0000000000000000000000000000000009A
S3151C058FB0000000000000000000000000000000008A
S3151C058FC0000000000000000000000000000000007A
S3151C058FD0000000000000000000000000000000006A
S3151C058FE0000000000000000000000000000000005A
S3151C058FF0000000000000000000000000000000004A
S3151C0590000000000000000000000000000000000039
S3151C0590100000000000000000000000000000000029
S3151C0590200000000000000000000000000000000019
S3151C0590300000000000000000000000000000000009
S3151C05904000000000000000000000000000000000F9
S3151C05905000000000000000000000000000000000E9
S3151C05906000000000000000000000000000000000D9
S3151C05907000000000000000000000000000000000C9
S3151C05908000000000000000000000000000000000B9
S3151C05909000000000000000000000000000000000A9
S3151C0590A00000000000000000000000000000000099
S3151C0590B00000000000000000000000000000000089
S3151C0590C00000000000000000000000000000000079
S3151C0590D00000000000000000000000000000000069
S3151C0590E00000000000000000000000000000000059
S3151C0590F00000000000000000000000000000000049
S3151C0591000000000000000000000000000000000038
S3151C0591100000000000000000000000000000000028
S3151C0591200000000000000000000000000000000018
S3151C0591300000000000000000000000000000000008
S3151C05914000000000000000000000000000000000F8
S3151C05915000000000000000000000000000000000E8
S3151C05916000000000000000000000000000000000D8
S3151C05917000000000000000000000000000000000C8
S3151C05918000000000000000000000000000000000B8
S3151C05919000000000000000000000000000000000A8
S3151C0591A00000000000000000000000000000000098
S3151C0591B00000000000000000000000000000000088
S3151C0591C00000000000000000000000000000000078
S3151C0591D00000000000000000000000000000000068
S3151C0591E00000000000000000000000000000000058
S3151C0591F00000000000000000000000000000000048
S3151C0592000000000000000000000000000000000037
S3151C0592100000000000000000000000000000000027
S3151C0592200000000000000000000000000000000017
S3151C0592300000000000000000000000000000000007
S3151C05924000000000000000000000000000000000F7
S3151C05925000000000000000000000000000000000E7
S3151C05926000000000000000000000000000000000D7
S3151C05927000000000000000000000000000000000C7
S3151C05928000000000000000000000000000000000B7
S3151C05929000000000000000000000000000000000A7
S3151C0592A00000000000000000000000000000000097
S3151C0592B00000000000000000000000000000000087
S3151C0592C00000000000000000000000000000000077
S3151C0592D00000000000000000000000000000000067
S3151C0592E00000000000000000000000000000000057
S3151C0592F00000000000000000000000000000000047
S3151C0593000000000000000000000000000000000036
S3151C0593100000000000000000000000000000000026
S3151C0593200000000000000000000000000000000016
S3151C0593300000000000000000000000000000000006
S3151C05934000000000000000000000000000000000F6
S3151C05935000000000000000000000000000000000E6
S3151C05936000000000000000000000000000000000D6
S3151C05937000000000000000000000000000000000C6
S3151C05938000000000000000000000000000000000B6
S3151C05939000000000000000000000000000000000A6
S3151C0593A00000000000000000000000000000000096
S3151C0593B00000000000000000000000000000000086
S3151C0593C00000000000000000000000000000000076
S3151C0593D00000000000000000000000000000000066
S3151C0593E00000000000000000000000000000000056
S3151C0593F00000000000000000000000000000000046
S3151C0594000000000000000000000000000000000035
S3151C0594100000000000000000000000000000000025
S3151C0594200000000000000000000000000000000015
S3151C0594300000000000000000000000000000000005
S3151C05944000000000000000000000000000000000F5
S3151C05945000000000000000000000000000000000E5
S3151C05946000000000000000000000000000000000D5
S3151C05947000000000000000000000000000000000C5
S3151C05948000000000000000000000000000000000B5
S3151C05949000000000000000000000000000000000A5
S3151C0594A00000000000000000000000000000000095
S3151C0594B00000000000000000000000000000000085
S3151C0594C00000000000000000000000000000000075
S3151C0594D00000000000000000000000000000000065
S3151C0594E00000000000000000000000000000000055
S3151C0594F00000000000000000000000000000000045
S3151C0595000000000000000000000000000000000034
S3151C0595100000000000000000000000000000000024
S3151C0595200000000000000000000000000000000014
S3151C0595300000000000000000000000000000000004
S3151C05954000000000000000000000000000000000F4
S3151C05955000000000000000000000000000000000E4
S3151C05956000000000000000000000000000000000D4
S3151C05957000000000000000000000000000000000C4
S3151C05958000000000000000000000000000000000B4
S3151C05959000000000000000000000000000000000A4
S3151C0595A00000000000000000000000000000000094
S3151C0595B00000000000000000000000000000000084
S3151C0595C00000000000000000000000000000000074
S3151C0595D00000000000000000000000000000000064
S3151C0595E00000000000000000000000000000000054
S3151C0595F00000000000000000000000000000000044
S3151C0596000000000000000000000000000000000033
S3151C0596100000000000000000000000000000000023
S3151C0596200000000000000000000000000000000013
S3151C0596300000000000000000000000000000000003
S3151C05964000000000000000000000000000000000F3
S3151C05965000000000000000000000000000000000E3
S3151C05966000000000000000000000000000000000D3
S3151C05967000000000000000000000000000000000C3
S3151C05968000000000000000000000000000000000B3
S3151C05969000000000000000000000000000000000A3
S3151C0596A00000000000000000000000000000000093
S3151C0596B00000000000000000000000000000000083
S3151C0596C00000000000000000000000000000000073
S3151C0596D00000000000000000000000000000000063
S3151C0596E00000000000000000000000000000000053
S3151C0596F00000000000000000000000000000000043
S3151C0597000000000000000000000000000000000032
S3151C0597100000000000000000000000000000000022
S3151C0597200000000000000000000000000000000012
S3151C0597300000000000000000000000000000000002
S3151C05974000000000000000000000000000000000F2
S3151C05975000000000000000000000000000000000E2
S3151C05976000000000000000000000000000000000D2
S3151C05977000000000000000000000000000000000C2
S3151C05978000000000000000000000000000000000B2
S3151C05979000000000000000000000000000000000A2
S3151C0597A00000000000000000000000000000000092
S3151C0597B00000000000000000000000000000000082
S3151C0597C00000000000000000000000000000000072
S3151C0597D00000000000000000000000000000000062
S3151C0597E00000000000000000000000000000000052
S3151C0597F00000000000000000000000000000000042
S3151C0598000000000000000000000000000000000031
S3151C0598100000000000000000000000000000000021
S3151C0598200000000000000000000000000000000011
S3151C0598300000000000000000000000000000000001
S3151C05984000000000000000000000000000000000F1
S3151C05985000000000000000000000000000000000E1
S3151C05986000000000000000000000000000000000D1
S3151C05987000000000000000000000000000000000C1
S3151C05988000000000000000000000000000000000B1
S3151C05989000000000000000000000000000000000A1
S3151C0598A00000000000000000000000000000000091
S3151C0598B00000000000000000000000000000000081
S3151C0598C00000000000000000000000000000000071
S3151C0598D00000000000000000000000000000000061
S3151C0598E00000000000000000000000000000000051
S3151C0598F00000000000000000000000000000000041
S3151C0599000000000000000000000000000000000030
S3151C0599100000000000000000000000000000000020
S3151C0599200000000000000000000000000000000010
S3151C0599300000000000000000000000000000000000
S3151C05994000000000000000000000000000000000F0
S3151C05995000000000000000000000000000000000E0
S3151C05996000000000000000000000000000000000D0
S3151C05997000000000000000000000000000000000C0
S3151C05998000000000000000000000000000000000B0
S3151C05999000000000000000000000000000000000A0
S3151C0599A00000000000000000000000000000000090
S3151C0599B00000000000000000000000000000000080
S3151C0599C00000000000000000000000000000000070
S3151C0599D00000000000000000000000000000000060
S3151C0599E00000000000000000000000000000000050
S3151C0599F00000000000000000000000000000000040
S3151C059A00000000000000000000000000000000002F
S3151C059A10000000000000000000000000000000001F
S3151C059A20000000000000000000000000000000000F
S3151C059A3000000000000000000000000000000000FF
S3151C059A4000000000000000000000000000000000EF
S3151C059A5000000000000000000000000000000000DF
S3151C059A6000000000000000000000000000000000CF
S3151C059A7000000000000000000000000000000000BF
S3151C059A8000000000000000000000000000000000AF
S3151C059A90000000000000000000000000000000009F
S3151C059AA0000000000000000000000000000000008F
S3151C059AB0000000000000000000000000000000007F
S3151C059AC0000000000000000000000000000000006F
S3151C059AD0000000000000000000000000000000005F
S3151C059AE0000000000000000000000000000000004F
S3151C059AF0000000000000000000000000000000003F
S3151C059B00000000000000000000000000000000002E
S3151C059B10000000000000000000000000000000001E
S3151C059B20000000000000000000000000000000000E
S3151C059B3000000000000000000000000000000000FE
S3151C059B4000000000000000000000000000000000EE
S3151C059B5000000000000000000000000000000000DE
S3151C059B6000000000000000000000000000000000CE
S3151C059B7000000000000000000000000000000000BE
S3151C059B8000000000000000000000000000000000AE
S3151C059B90000000000000000000000000000000009E
S3151C059BA0000000000000000000000000000000008E
S3151C059BB0000000000000000000000000000000007E
S3151C059BC0000000000000000000000000000000006E
S3151C059BD0000000000000000000000000000000005E
S3151C059BE0000000000000000000000000000000004E
S3151C059BF0000000000000000000000000000000003E
S3151C059C00000000000000000000000000000000002D
S3151C059C10000000000000000000000000000000001D
S3151C059C20000000000000000000000000000000000D
S3151C059C3000000000000000000000000000000000FD
S3151C059C4000000000000000000000000000000000ED
S3151C059C5000000000000000000000000000000000DD
S3151C059C6000000000000000000000000000000000CD
S3151C059C7000000000000000000000000000000000BD
S3151C059C8000000000000000000000000000000000AD
S3151C059C90000000000000000000000000000000009D
S3151C059CA0000000000000000000000000000000008D
S3151C059CB0000000000000000000000000000000007D
S3151C059CC0000000000000000000000000000000006D
S3151C059CD0000000000000000000000000000000005D
S3151C059CE0000000000000000000000000000000004D
S3151C059CF0000000000000000000000000000000003D
S3151C059D00000000000000000000000000000000002C
S3151C059D10000000000000000000000000000000001C
S3151C059D20000000000000000000000000000000000C
S3151C059D3000000000000000000000000000000000FC
S3151C059D4000000000000000000000000000000000EC
S3151C059D5000000000000000000000000000000000DC
S3151C059D6000000000000000000000000000000000CC
S3151C059D7000000000000000000000000000000000BC
S3151C059D8000000000000000000000000000000000AC
S3151C059D90000000000000000000000000000000009C
S3151C059DA0000000000000000000000000000000008C
S3151C059DB0000000000000000000000000000000007C
S3151C059DC0000000000000000000000000000000006C
S3151C059DD0000000000000000000000000000000005C
S3151C059DE0000000000000000000000000000000004C
S3151C059DF0000000000000000000000000000000003C
S3151C059E00000000000000000000000000000000002B
S3151C059E10000000000000000000000000000000001B
S3151C059E20000000000000000000000000000000000B
S3151C059E3000000000000000000000000000000000FB
S3151C059E4000000000000000000000000000000000EB
S3151C059E5000000000000000000000000000000000DB
S3151C059E6000000000000000000000000000000000CB
S3151C059E7000000000000000000000000000000000BB
S3151C059E8000000000000000000000000000000000AB
S3151C059E90000000000000000000000000000000009B
S3151C059EA0000000000000000000000000000000008B
S3151C059EB0000000000000000000000000000000007B
S3151C059EC0000000000000000000000000000000006B
S3151C059ED0000000000000000000000000000000005B
S3151C059EE0000000000000000000000000000000004B
S3151C059EF0000000000000000000000000000000003B
S3151C059F00000000000000000000000000000000002A
S3151C059F10000000000000000000000000000000001A
S3151C059F20000000000000000000000000000000000A
S3151C059F3000000000000000000000000000000000FA
S3151C059F4000000000000000000000000000000000EA
S3151C059F5000000000000000000000000000000000DA
S3151C059F6000000000000000000000000000000000CA
S3151C059F7000000000000000000000000000000000BA
S3151C059F8000000000000000000000000000000000AA
S3151C059F90000000000000000000000000000000009A
S3151C059FA0000000000000000000000000000000008A
S3151C059FB0000000000000000000000000000000007A
S3151C059FC0000000000000000000000000000000006A
S3151C059FD0000000000000000000000000000000005A
S3151C059FE0000000000000000000000000000000004A
S3151C059FF0000000000000000000000000000000003A
S3151C05A0000000000000000000000000000000000029
S3151C05A0100000000000000000000000000000000019
S3151C05A0200000000000000000000000000000000009
S3151C05A03000000000000000000000000000000000F9
S3151C05A04000000000000000000000000000000000E9
S3151C05A05000000000000000000000000000000000D9
S3151C05A06000000000000000000000000000000000C9
S3151C05A07000000000000000000000000000000000B9
S3151C05A08000000000000000000000000000000000A9
S3151C05A0900000000000000000000000000000000099
S3151C05A0A00000000000000000000000000000000089
S3151C05A0B00000000000000000000000000000000079
S3151C05A0C00000000000000000000000000000000069
S3151C05A0D00000000000000000000000000000000059
S3151C05A0E00000000000000000000000000000000049
S3151C05A0F00000000000000000000000000000000039
S3151C05A1000000000000000000000000000000000028
S3151C05A1100000000000000000000000000000000018
S3151C05A1200000000000000000000000000000000008
S3151C05A13000000000000000000000000000000000F8
S3151C05A14000000000000000000000000000000000E8
S3151C05A15000000000000000000000000000000000D8
S3151C05A16000000000000000000000000000000000C8
S3151C05A17000000000000000000000000000000000B8
S3151C05A18000000000000000000000000000000000A8
S3151C05A1900000000000000000000000000000000098
S3151C05A1A00000000000000000000000000000000088
S3151C05A1B00000000000000000000000000000000078
S3151C05A1C00000000000000000000000000000000068
S3151C05A1D00000000000000000000000000000000058
S3151C05A1E00000000000000000000000000000000048
S3151C05A1F00000000000000000000000000000000038
S3151C05A2000000000000000000000000000000000027
S3151C05A2100000000000000000000000000000000017
S3151C05A2200000000000000000000000000000000007
S3151C05A23000000000000000000000000000000000F7
S3151C05A24000000000000000000000000000000000E7
S3151C05A25000000000000000000000000000000000D7
S3151C05A26000000000000000000000000000000000C7
S3151C05A27000000000000000000000000000000000B7
S3151C05A28000000000000000000000000000000000A7
S3151C05A2900000000000000000000000000000000097
S3151C05A2A00000000000000000000000000000000087
S3151C05A2B00000000000000000000000000000000077
S3151C05A2C00000000000000000000000000000000067
S3151C05A2D00000000000000000000000000000000057
S3151C05A2E00000000000000000000000000000000047
S3151C05A2F00000000000000000000000000000000037
S3151C05A3000000000000000000000000000000000026
S3151C05A3100000000000000000000000000000000016
S3091C05A3200000000012
S7051C0050008E
